application_id,source_id,source_name,source_role,source_tier,source_office,target_id,target_name,target_role,target_tier,target_office,canonical_modal_successor_projected,structural_edge_ids,projection_status
M:127:2111,127,7-1 terminal cluster state 127,anchor,D7,Jupiter,2111,7-1 terminal cluster state 2111,anchor,D7,Saturn,true,modal:D7:127:2111,canonical_modal_edge_projected
M:191:2143,191,Ultra-Alt 67,satellite,D6,Jupiter,2143,Alt ♮734♭56,satellite,D6,Saturn,true,modal:D6-satellite:7-2:1:191:2143,canonical_modal_edge_projected
M:223:2159,223,Scale 223,boundary,,,2159,7-4 rooted state 2159,boundary,,,false,,unprojected_formal_modal_application
M:239:2167,239,Infra-Alt 6𝄫𝄫7,boundary,,,2167,7-5 rooted state 2167,boundary,,,false,,unprojected_formal_modal_application
M:247:2171,247,Scale 247,boundary,,,2171,7-5 rooted state 2171,boundary,,,false,,unprojected_formal_modal_application
M:251:2173,251,Scale 251,boundary,,,2173,7-4 rooted state 2173,boundary,,,false,,unprojected_formal_modal_application
M:253:1087,253,Alt ♮25♭67,satellite,D6,Jupiter,1087,Infra-Alt 5♭76,satellite,D6,Saturn,true,modal:D6-satellite:7-2:2:253:1087,canonical_modal_edge_projected
M:319:2207,319,7-3 rooted state 319,boundary,,,2207,7-3 rooted state 2207,boundary,,,false,,unprojected_formal_modal_application
M:351:2223,351,Infra-Alt 567,boundary,,,2223,Arcadian Minor,boundary,,,false,,unprojected_formal_modal_application
M:367:2231,367,Infra-Alt 67,boundary,,,2231,Arcadian,boundary,,,false,,unprojected_formal_modal_application
M:375:2235,375,Scale 375,satellite,D4,Venus,2235,Exotic Minor,satellite,D4,Sun,true,modal:D4-satellite:7-13:1:375:2235,canonical_modal_edge_projected
M:379:2237,379,Kaikian Mode II,satellite,D3,Jupiter,2237,Alt ♮27♭♭56,satellite,D3,Saturn,true,modal:D3-satellite:7-11:1:379:2237,canonical_modal_edge_projected
M:381:1119,381,Alt ♮25♭67,anchor,D6,Jupiter,1119,Infra-Alt 56♭7,anchor,D6,Saturn,true,modal:D6:381:1119,canonical_modal_edge_projected
M:415:2255,415,Infra-Alt 57,satellite,D5,Saturn,2255,Alt ♮7346,satellite,D5,Moon,true,modal:D5-satellite:7-6:1:415:2255,canonical_modal_edge_projected
M:431:2263,431,Infra-Alt 7,boundary,,,2263,Phlegmatic Minor,boundary,,,false,,unprojected_formal_modal_application
M:439:2267,439,Infra-Alt 7♭4,satellite,D2,Jupiter,2267,Scale 2267,satellite,D2,Saturn,true,modal:D2-satellite:7-Z38:1:439:2267,canonical_modal_edge_projected
M:443:2269,443,Alt ♭♭5♭♭6♭♭♭7,anchor,D3,Jupiter,2269,Nomadic Minor,anchor,D3,Saturn,true,modal:D3:443:2269,canonical_modal_edge_projected
M:445:1135,445,Alt ♮2♭♭5♭6♭♭♭7,satellite,D3,Jupiter,1135,Eurean Mode III,satellite,D3,Saturn,true,modal:D3-satellite:7-11:2:445:1135,canonical_modal_edge_projected
M:463:2279,463,Scale 463,satellite,D2,Jupiter,2279,Scale 2279,satellite,D2,Saturn,true,modal:D2-satellite:7-7:1:463:2279,canonical_modal_edge_projected
M:471:2283,471,Alt 3·6·♭7,anchor,D2,Jupiter,2283,Pacific Minor,anchor,D2,Saturn,true,modal:D2:471:2283,canonical_modal_edge_projected
M:475:2285,475,Alt 6♭7,satellite,D2,Jupiter,2285,Supine,satellite,D2,Saturn,true,modal:D2-satellite:7-Z38:2:475:2285,canonical_modal_edge_projected
M:477:1143,477,Alt ♮2𝄫6♭𝄫7,satellite,D4,Mercury,1143,Scale 1143,satellite,D4,Venus,true,modal:D4-satellite:7-13:2:477:1143,canonical_modal_edge_projected
M:487:2291,487,Scale 487,satellite,D2,Jupiter,2291,Scale 2291,satellite,D2,Saturn,true,modal:D2-satellite:7-7:2:487:2291,canonical_modal_edge_projected
M:491:2293,491,Locrian ♭♭6♭♭♭7,boundary,,,2293,Bucolic,boundary,,,false,,unprojected_formal_modal_application
M:493:1147,493,Locrian ♮2♭♭6♭♭♭7,boundary,,,1147,Alt double-flat 5 / flat–double-flat 6,boundary,,,false,,unprojected_formal_modal_application
M:499:2297,499,Major Locrian ♭26♭7,satellite,D5,Mars,2297,Raghupriya V,satellite,D5,Jupiter,true,modal:D5-satellite:7-6:2:499:2297,canonical_modal_edge_projected
M:501:1149,501,Major Locrian 6♭7,boundary,,,1149,Alt ♮25♭6,boundary,,,false,,unprojected_formal_modal_application
M:505:575,505,7-3 rooted state 505,boundary,,,575,Scale 575,boundary,,,false,,unprojected_formal_modal_application
M:575:2335,575,Scale 575,boundary,,,2335,7-3 rooted state 2335,boundary,,,false,,unprojected_formal_modal_application
M:607:2351,607,Infra-Alt 56,satellite,D5,Saturn,2351,Alt ♮7345,satellite,D5,Moon,true,modal:D5-satellite:7-10:1:607:2351,canonical_modal_edge_projected
M:623:2359,623,Infra-Alt 6,satellite,D4,Venus,2359,Unorthodox Minor,satellite,D4,Sun,true,modal:D4-satellite:7-16:1:623:2359,canonical_modal_edge_projected
M:631:2363,631,Infra-Alt 6♭4,anchor,D4,Venus,2363,Unorthodox,anchor,D4,Sun,true,modal:D4:631:2363,canonical_modal_edge_projected
M:635:2365,635,Scale 635,satellite,D4,Venus,2365,Alt ♮27𝄫5,satellite,D4,Sun,true,modal:D4-satellite:7-16:2:635:2365,canonical_modal_edge_projected
M:637:1183,637,Debussy's Heptatonic,satellite,D5,Jupiter,1183,Infra-Alt 5♭7,satellite,D5,Saturn,true,modal:D5-satellite:7-10:2:637:1183,canonical_modal_edge_projected
M:671:2383,671,Infra-Alt 5,anchor,D5,Saturn,2383,Alt ♮734,anchor,D5,Moon,true,modal:D5:671:2383,canonical_modal_edge_projected
M:687:2391,687,Alt ♭♭3♭♭4♭♭5♭♭6♭♭7,satellite,A2,Saturn,2391,Phlegmatic,satellite,A2,Moon,false,,unprojected_formal_modal_application
M:695:2395,695,Phrygian Double-Flat,satellite,A1,Venus,2395,Alt ♮7,satellite,A1,Sun,false,,unprojected_formal_modal_application
M:699:2397,699,Ultralocrian 5,satellite,A2,Jupiter,2397,Eccentric,satellite,A2,Saturn,false,,unprojected_formal_modal_application
M:701:1199,701,Alt ♮2♭♭567,boundary,,,1199,Alt ♭♭3♭♭4♭♭5♭♭6,boundary,,,false,,unprojected_formal_modal_application
M:719:2407,719,1MI & 2Δ7,boundary,,,2407,7-19 rooted state 2407,boundary,,,false,,unprojected_formal_modal_application
M:727:2411,727,Triadic Heptatonic 29,satellite,A0,Jupiter,2411,Locrian ♮7,satellite,A0,Saturn,false,,unprojected_formal_modal_application
M:731:2413,731,Alternating Heptamode,satellite,A1,Mercury,2413,Harmonic Minor ♭5,satellite,A1,Venus,false,,unprojected_formal_modal_application
M:733:1207,733,Superlocrian ♮2♭♭6♭♭7,boundary,,,1207,Alt ♭♭3♭♭5♭♭6,boundary,,,false,,unprojected_formal_modal_application
M:743:2419,743,Phrygian Hungarian Minor,satellite,D1,Moon,2419,Rāga Suddha Pancama,satellite,D1,Mercury,false,,unprojected_formal_modal_application
M:747:2421,747,1sus4 & ♭3∅7,satellite,A2,Mars,2421,Harmonic Major ♭5,satellite,A2,Jupiter,false,,unprojected_formal_modal_application
M:749:1211,749,Locrian ♮2♭♭6♭♭7,boundary,,,1211,Ceiling Scale,boundary,,,false,,unprojected_formal_modal_application
M:755:2425,755,Ionian ♭2♭5𝄫6𝄫7,boundary,,,2425,Scale 2425,boundary,,,false,,unprojected_formal_modal_application
M:757:1213,757,Lipsean Mode II,boundary,,,1213,Alt ♮2♭♭5♭6,boundary,,,false,,unprojected_formal_modal_application
M:761:607,761,Major Locrian ♯267,satellite,D5,Jupiter,607,Infra-Alt 56,satellite,D5,Saturn,true,modal:D5-satellite:7-10:1:761:607,canonical_modal_edge_projected
M:799:2447,799,Infra-Alt 5♭6,satellite,D5,Saturn,2447,Alt ♮5734,satellite,D5,Moon,true,modal:D5-satellite:7-6:2:799:2447,canonical_modal_edge_projected
M:815:2455,815,Scale 815,boundary,,,2455,7-Z18 rooted state 2455,boundary,,,false,,unprojected_formal_modal_application
M:823:2459,823,Scale 823,boundary,,,2459,7-21 rooted state 2459,boundary,,,false,,unprojected_formal_modal_application
M:827:2461,827,Scale 827,boundary,,,2461,7-21 rooted state 2461,boundary,,,false,,unprojected_formal_modal_application
M:829:1231,829,7-Z18 rooted state 829,boundary,,,1231,7-Z18 rooted state 1231,boundary,,,false,,unprojected_formal_modal_application
M:847:2471,847,Scale 847,boundary,,,2471,7-19 rooted state 2471,boundary,,,false,,unprojected_formal_modal_application
M:855:2475,855,Ultralocrian 𝄫3,satellite,A0,Mercury,2475,Neapolitan Minor,satellite,A0,Venus,false,,unprojected_formal_modal_application
M:859:2477,859,Ultralocrian,satellite,A0,Mars,2477,Harmonic Minor,satellite,A0,Jupiter,false,,unprojected_formal_modal_application
M:861:1239,861,Superlocrian ♮2𝄫7,satellite,A2,Saturn,1239,Alt 𝄫3𝄫6,satellite,A2,Moon,false,,unprojected_formal_modal_application
M:871:2483,871,Locrian 𝄫3𝄫7,anchor,D1,Moon,2483,Double Harmonic,anchor,D1,Mercury,true,modal:D1:871:2483,canonical_modal_edge_projected
M:875:2485,875,Locrian double-flat 7,satellite,A0,Saturn,2485,Harmonic Major,satellite,A0,Moon,false,,unprojected_formal_modal_application
M:877:1243,877,Hungarian Major Inverse,satellite,A1,Venus,1243,Alt 6,satellite,A1,Sun,false,,unprojected_formal_modal_application
M:883:2489,883,Scale 883,boundary,,,2489,Scale 2489,boundary,,,false,,unprojected_formal_modal_application
M:885:1245,885,Major Locrian 𝄫7,satellite,A2,Jupiter,1245,Alt ♮26,satellite,A2,Saturn,false,,unprojected_formal_modal_application
M:889:623,889,Scale 889,satellite,D4,Mercury,623,Infra-Alt 6,satellite,D4,Venus,true,modal:D4-satellite:7-16:1:889:623,canonical_modal_edge_projected
M:911:2503,911,Phrygian 𝄫3𝄫4𝄫7,satellite,D2,Mercury,2503,Scale 2503,satellite,D2,Venus,true,modal:D2-satellite:7-7:2:911:2503,canonical_modal_edge_projected
M:919:2507,919,Chromatic Phrygian Inverse,satellite,D1,Sun,2507,Chromatic Lydian Inverse,satellite,D1,Mars,false,,unprojected_formal_modal_application
M:923:2509,923,Alt ♮5𝄫7,anchor,D1,Sun,2509,Double Harmonic Minor,anchor,D1,Mars,true,modal:D1:923:2509,canonical_modal_edge_projected
M:925:1255,925,Chromatic Hypodorian,satellite,D1,Sun,1255,Chromatic Mixolydian,satellite,D1,Mars,false,,unprojected_formal_modal_application
M:935:2515,935,Kanakangi,satellite,D1,Moon,2515,Chromatic Hypolydian,satellite,D1,Mercury,false,,unprojected_formal_modal_application
M:939:2517,939,Rāga Malini,satellite,A0,Venus,2517,Lydian Harmonic Major,satellite,A0,Sun,false,,unprojected_formal_modal_application
M:941:1259,941,Rāga Jhankara Bhramavi,satellite,A0,Jupiter,1259,Blues Phrygian,satellite,A0,Saturn,false,,unprojected_formal_modal_application
M:947:2521,947,Scale 947,boundary,,,2521,Scale 2521,boundary,,,false,,unprojected_formal_modal_application
M:949:1261,949,Mararanjani,satellite,A1,Mercury,1261,Modified Blues,satellite,A1,Venus,false,,unprojected_formal_modal_application
M:953:631,953,Rāga Kalahamsa,anchor,D4,Mercury,631,Infra-Alt 6♭4,anchor,D4,Venus,true,modal:D4:953:631,canonical_modal_edge_projected
M:967:2531,967,Scale 967,satellite,D2,Venus,2531,Scale 2531,satellite,D2,Sun,true,modal:D2-satellite:7-7:1:967:2531,canonical_modal_edge_projected
M:971:2533,971,Scale 971,boundary,,,2533,7-19 rooted state 2533,boundary,,,false,,unprojected_formal_modal_application
M:973:1267,973,7-19 rooted state 973,boundary,,,1267,7-19 rooted state 1267,boundary,,,false,,unprojected_formal_modal_application
M:979:2537,979,Scale 979,boundary,,,2537,Scale 2537,boundary,,,false,,unprojected_formal_modal_application
M:981:1269,981,Mela Kantamani,satellite,A2,Mars,1269,Major Locrian ♭♭6,satellite,A2,Jupiter,false,,unprojected_formal_modal_application
M:985:635,985,Scale 985,satellite,D4,Mercury,635,Scale 635,satellite,D4,Venus,true,modal:D4-satellite:7-16:2:985:635,canonical_modal_edge_projected
M:995:2545,995,Lydian ♭2♯3♭67,satellite,D5,Mars,2545,Lydian 2♯3♭6,satellite,D5,Jupiter,true,modal:D5-satellite:7-6:1:995:2545,canonical_modal_edge_projected
M:997:1273,997,Tanarupi IV,anchor,D5,Mars,1273,Tanarupi V,anchor,D5,Jupiter,true,modal:D5:997:1273,canonical_modal_edge_projected
M:1001:637,1001,Lydian ♯2♯3♭67,satellite,D5,Mars,637,Debussy's Heptatonic,satellite,D5,Jupiter,true,modal:D5-satellite:7-10:2:1001:637,canonical_modal_edge_projected
M:1009:319,1009,7-3 rooted state 1009,boundary,,,319,7-3 rooted state 319,boundary,,,false,,unprojected_formal_modal_application
M:1087:2591,1087,Infra-Alt 5♭76,satellite,D6,Saturn,2591,Quixotic,satellite,D6,Moon,true,modal:D6-satellite:7-2:2:1087:2591,canonical_modal_edge_projected
M:1119:2607,1119,Infra-Alt 56♭7,anchor,D6,Saturn,2607,Alt ♮67345,anchor,D6,Moon,true,modal:D6:1119:2607,canonical_modal_edge_projected
M:1135:2615,1135,Eurean Mode III,satellite,D3,Saturn,2615,Alt ♮67♭♭35,satellite,D3,Moon,true,modal:D3-satellite:7-11:2:1135:2615,canonical_modal_edge_projected
M:1143:2619,1143,Scale 1143,satellite,D4,Venus,2619,Alt ♮675,satellite,D4,Sun,true,modal:D4-satellite:7-13:2:1143:2619,canonical_modal_edge_projected
M:1147:2621,1147,Alt double-flat 5 / flat–double-flat 6,boundary,,,2621,Euphoric,boundary,,,false,,unprojected_formal_modal_application
M:1149:1311,1149,Alt ♮25♭6,boundary,,,1311,Alt 34♭5,boundary,,,false,,unprojected_formal_modal_application
M:1183:2639,1183,Infra-Alt 5♭7,satellite,D5,Saturn,2639,Alt ♮6734,satellite,D5,Moon,true,modal:D5-satellite:7-10:2:1183:2639,canonical_modal_edge_projected
M:1199:2647,1199,Alt ♭♭3♭♭4♭♭5♭♭6,boundary,,,2647,Bohemian,boundary,,,false,,unprojected_formal_modal_application
M:1207:2651,1207,Alt ♭♭3♭♭5♭♭6,boundary,,,2651,7-25 rooted state 2651,boundary,,,false,,unprojected_formal_modal_application
M:1211:2653,1211,Ceiling Scale,boundary,,,2653,Nomadic,boundary,,,false,,unprojected_formal_modal_application
M:1213:1327,1213,Alt ♮2♭♭5♭6,boundary,,,1327,Lipsean Mode IV,boundary,,,false,,unprojected_formal_modal_application
M:1231:2663,1231,7-Z18 rooted state 1231,boundary,,,2663,7-Z18 rooted state 2663,boundary,,,false,,unprojected_formal_modal_application
M:1239:2667,1239,Alt 𝄫3𝄫6,satellite,A2,Moon,2667,Neapolitan Major ♭5,satellite,A2,Mercury,false,,unprojected_formal_modal_application
M:1243:2669,1243,Alt 6,satellite,A1,Sun,2669,Jeths' Mode,satellite,A1,Mars,false,,unprojected_formal_modal_application
M:1245:1335,1245,Alt ♮26,satellite,A2,Saturn,1335,Elephant Scale,satellite,A2,Moon,false,,unprojected_formal_modal_application
M:1255:2675,1255,Chromatic Mixolydian,satellite,D1,Mars,2675,Chromatic Lydian,satellite,D1,Jupiter,false,,unprojected_formal_modal_application
M:1259:2677,1259,Blues Phrygian,satellite,A0,Saturn,2677,Ionian ♭5,satellite,A0,Moon,false,,unprojected_formal_modal_application
M:1261:1339,1261,Modified Blues,satellite,A1,Venus,1339,Alt ♭♭5,satellite,A1,Sun,false,,unprojected_formal_modal_application
M:1267:2681,1267,7-19 rooted state 1267,boundary,,,2681,Scale 2681,boundary,,,false,,unprojected_formal_modal_application
M:1269:1341,1269,Major Locrian ♭♭6,satellite,A2,Jupiter,1341,Alt ♮2♭♭5,satellite,A2,Saturn,false,,unprojected_formal_modal_application
M:1273:671,1273,Tanarupi V,anchor,D5,Jupiter,671,Infra-Alt 5,anchor,D5,Saturn,true,modal:D5:1273:671,canonical_modal_edge_projected
M:1311:2703,1311,Alt 34♭5,boundary,,,2703,Erratic Minor,boundary,,,false,,unprojected_formal_modal_application
M:1327:2711,1327,Lipsean Mode IV,boundary,,,2711,Erratic,boundary,,,false,,unprojected_formal_modal_application
M:1335:2715,1335,Elephant Scale,satellite,A2,Moon,2715,Neapolitan Major ♭4,satellite,A2,Mercury,false,,unprojected_formal_modal_application
M:1339:2717,1339,Alt ♭♭5,satellite,A1,Sun,2717,Melodic ♭4,satellite,A1,Mars,false,,unprojected_formal_modal_application
M:1341:1359,1341,Alt ♮2♭♭5,satellite,A2,Saturn,1359,"Alt double-flat 3, double-flat 4",satellite,A2,Moon,false,,unprojected_formal_modal_application
M:1359:2727,1359,"Alt double-flat 3, double-flat 4",satellite,A2,Moon,2727,Rāga Manoranjani,satellite,A2,Mercury,false,,unprojected_formal_modal_application
M:1367:2731,1367,Leading Whole-Tone Inverse,anchor,A2,Moon,2731,Neapolitan Major,anchor,A2,Mercury,true,modal:A2:1367:2731,canonical_modal_edge_projected
M:1371:2733,1371,Superlocrian,anchor,A1,Sun,2733,Melodic Minor,anchor,A1,Mars,true,modal:A1:1371:2733,canonical_modal_edge_projected
M:1373:1367,1373,Storian,anchor,A2,Saturn,1367,Leading Whole-Tone Inverse,anchor,A2,Moon,true,modal:A2:1373:1367,canonical_modal_edge_projected
M:1383:2739,1383,Locrian double-flat 3,satellite,A0,Saturn,2739,Rāga Supradhipam,satellite,A0,Moon,false,,unprojected_formal_modal_application
M:1387:2741,1387,Locrian,anchor,A0,Saturn,2741,Ionian,anchor,A0,Moon,true,modal:A0:1387:2741,canonical_modal_edge_projected
M:1389:1371,1389,Half-Diminished,anchor,A1,Venus,1371,Superlocrian,anchor,A1,Sun,true,modal:A1:1389:1371,canonical_modal_edge_projected
M:1395:2745,1395,Locrian Dominant,satellite,A0,Saturn,2745,Rāga Sailadesakshi,satellite,A0,Moon,false,,unprojected_formal_modal_application
M:1397:1373,1397,Major Locrian,anchor,A2,Jupiter,1373,Storian,anchor,A2,Saturn,true,modal:A2:1397:1373,canonical_modal_edge_projected
M:1401:687,1401,Major Locrian ♯2,satellite,A2,Jupiter,687,Alt ♭♭3♭♭4♭♭5♭♭6♭♭7,satellite,A2,Saturn,false,,unprojected_formal_modal_application
M:1423:2759,1423,Alt ♮5♭♭3♭4,boundary,,,2759,Lydian ♭2♭♭3,boundary,,,false,,unprojected_formal_modal_application
M:1431:2763,1431,Astrocyte,satellite,A2,Moon,2763,Rāga Sauviram,satellite,A2,Mercury,false,,unprojected_formal_modal_application
M:1435:2765,1435,Maqam Saba Zamzam,satellite,A0,Venus,2765,Lydian Diminished,satellite,A0,Sun,false,,unprojected_formal_modal_application
M:1437:1383,1437,Sabach,satellite,A0,Jupiter,1383,Locrian double-flat 3,satellite,A0,Saturn,false,,unprojected_formal_modal_application
M:1447:2771,1447,Rāga Phenadyuti,satellite,A0,Venus,2771,Mela Gamanasrama,satellite,A0,Sun,false,,unprojected_formal_modal_application
M:1451:2773,1451,Phrygian,anchor,A0,Venus,2773,Lydian,anchor,A0,Sun,true,modal:A0:1451:2773,canonical_modal_edge_projected
M:1453:1387,1453,Aeolian,anchor,A0,Jupiter,1387,Locrian,anchor,A0,Saturn,true,modal:A0:1453:1387,canonical_modal_edge_projected
M:1459:2777,1459,Phrygian Dominant,satellite,A0,Venus,2777,Aeolian Harmonic,satellite,A0,Sun,false,,unprojected_formal_modal_application
M:1461:1389,1461,Mixolydian ♭6,anchor,A1,Mercury,1389,Half-Diminished,anchor,A1,Venus,true,modal:A1:1461:1389,canonical_modal_edge_projected
M:1465:695,1465,Rāga Cudamani,satellite,A1,Mercury,695,Phrygian Double-Flat,satellite,A1,Venus,false,,unprojected_formal_modal_application
M:1479:2787,1479,Mela Jalarnava,anchor,D2,Venus,2787,Lydian ♭2♯3,anchor,D2,Sun,true,modal:D2:1479:2787,canonical_modal_edge_projected
M:1483:2789,1483,Mela Bhavapriya,satellite,A0,Venus,2789,Lydian ♯3,satellite,A0,Sun,false,,unprojected_formal_modal_application
M:1485:1395,1485,Mela Sanmukhapriya,satellite,A0,Jupiter,1395,Locrian Dominant,satellite,A0,Saturn,false,,unprojected_formal_modal_application
M:1491:2793,1491,Namanarayani,satellite,A2,Mars,2793,1sus4 & 7⁷,satellite,A2,Jupiter,false,,unprojected_formal_modal_application
M:1493:1397,1493,Lydian Minor,anchor,A2,Mars,1397,Major Locrian,anchor,A2,Jupiter,true,modal:A2:1493:1397,canonical_modal_edge_projected
M:1497:699,1497,Jyoti Swarupini,satellite,A2,Mars,699,Ultralocrian 5,satellite,A2,Jupiter,false,,unprojected_formal_modal_application
M:1507:2801,1507,Lydian ♭7♭2♭6♯3,boundary,,,2801,Rāga Hindolita,boundary,,,false,,unprojected_formal_modal_application
M:1509:1401,1509,Lydian Minor ♯3,satellite,A2,Mars,1401,Major Locrian ♯2,satellite,A2,Jupiter,false,,unprojected_formal_modal_application
M:1513:701,1513,Lydian ♭7♭6♯2♯3,boundary,,,701,Alt ♮2♭♭567,boundary,,,false,,unprojected_formal_modal_application
M:1521:351,1521,Lydian 7♭6♯32,boundary,,,351,Infra-Alt 567,boundary,,,false,,unprojected_formal_modal_application
M:1567:2831,1567,7-4 rooted state 1567,boundary,,,2831,7-4 rooted state 2831,boundary,,,false,,unprojected_formal_modal_application
M:1583:2839,1583,Alt ♮6♭♭3♭4♭5,satellite,D3,Moon,2839,Kaikian Mode V,satellite,D3,Mercury,true,modal:D3-satellite:7-11:1:1583:2839,canonical_modal_edge_projected
M:1591:2843,1591,Alt ♮6♭♭3♭5,anchor,D3,Moon,2843,Neapolitan Major ♭4♯5,anchor,D3,Mercury,true,modal:D3:1591:2843,canonical_modal_edge_projected
M:1595:2845,1595,Alt ♮65,satellite,D2,Moon,2845,Melodic +♭4,satellite,D2,Mercury,true,modal:D2-satellite:7-Z38:2:1595:2845,canonical_modal_edge_projected
M:1597:1423,1597,Rāga Ravikosh,boundary,,,1423,Alt ♮5♭♭3♭4,boundary,,,false,,unprojected_formal_modal_application
M:1615:2855,1615,Sydian (Alt ♮6𝄫34),satellite,D4,Mars,2855,Ionian +♭2𝄫3,satellite,D4,Jupiter,true,modal:D4-satellite:7-16:2:1615:2855,canonical_modal_edge_projected
M:1623:2859,1623,Alt ♮63,satellite,A2,Moon,2859,Neapolitan Major ♯5,satellite,A2,Mercury,false,,unprojected_formal_modal_application
M:1627:2861,1627,Superlocrian ♯6,satellite,A1,Sun,2861,Melodic +,satellite,A1,Mars,false,,unprojected_formal_modal_application
M:1629:1431,1629,Dorian Blues,satellite,A2,Saturn,1431,Astrocyte,satellite,A2,Moon,false,,unprojected_formal_modal_application
M:1639:2867,1639,7-21 rooted state 1639,boundary,,,2867,7-21 rooted state 2867,boundary,,,false,,unprojected_formal_modal_application
M:1643:2869,1643,Locrian ♮6,satellite,A0,Saturn,2869,Major Augmented,satellite,A0,Moon,false,,unprojected_formal_modal_application
M:1645:1435,1645,Dorian ♭5,satellite,A0,Mercury,1435,Maqam Saba Zamzam,satellite,A0,Venus,false,,unprojected_formal_modal_application
M:1651:2873,1651,Tsinganikos,anchor,D1,Jupiter,2873,Ionian Augmented ♯2,anchor,D1,Saturn,true,modal:D1:1651:2873,canonical_modal_edge_projected
M:1653:1437,1653,Mixolydian ♭5,satellite,A0,Mars,1437,Sabach,satellite,A0,Jupiter,false,,unprojected_formal_modal_application
M:1657:719,1657,7-19 rooted state 1657,boundary,,,719,1MI & 2Δ7,boundary,,,false,,unprojected_formal_modal_application
M:1679:2887,1679,Zephyrean Mode V,boundary,,,2887,Zephyrean Mode VI,boundary,,,false,,unprojected_formal_modal_application
M:1687:2891,1687,Midlocrian,boundary,,,2891,7-25 rooted state 2891,boundary,,,false,,unprojected_formal_modal_application
M:1691:2893,1691,Dorian ♭2♭4,satellite,A1,Jupiter,2893,Lydian Augmented ♭3,satellite,A1,Saturn,false,,unprojected_formal_modal_application
M:1693:1447,1693,Dorian ♭4,satellite,A0,Mercury,1447,Rāga Phenadyuti,satellite,A0,Venus,false,,unprojected_formal_modal_application
M:1703:2899,1703,Rāga Bhanumati,satellite,A1,Jupiter,2899,Lydian Augmented ♭2,satellite,A1,Saturn,false,,unprojected_formal_modal_application
M:1707:2901,1707,Dorian ♭2,anchor,A1,Jupiter,2901,Lydian Augmented,anchor,A1,Saturn,true,modal:A1:1707:2901,canonical_modal_edge_projected
M:1709:1451,1709,Dorian,anchor,A0,Mercury,1451,Phrygian,anchor,A0,Venus,true,modal:A0:1709:1451,canonical_modal_edge_projected
M:1715:2905,1715,Dominant ♭2,satellite,A0,Mars,2905,Aeolian Flat,satellite,A0,Jupiter,false,,unprojected_formal_modal_application
M:1717:1453,1717,Mixolydian,anchor,A0,Mars,1453,Aeolian,anchor,A0,Jupiter,true,modal:A0:1717:1453,canonical_modal_edge_projected
M:1721:727,1721,Rāga Ganavaridhi,satellite,A0,Mars,727,Triadic Heptatonic 29,satellite,A0,Jupiter,false,,unprojected_formal_modal_application
M:1735:2915,1735,Navaneetam,satellite,D2,Venus,2915,Scale 2915,satellite,D2,Sun,true,modal:D2-satellite:7-Z38:2:1735:2915,canonical_modal_edge_projected
M:1739:2917,1739,Rāga Sthavarajam,satellite,A1,Jupiter,2917,Lydian Augmented ♯3,satellite,A1,Saturn,false,,unprojected_formal_modal_application
M:1741:1459,1741,Dorian ♯4,satellite,A0,Mercury,1459,Phrygian Dominant,satellite,A0,Venus,false,,unprojected_formal_modal_application
M:1747:2921,1747,Lydian 7♭2,satellite,A1,Moon,2921,Lydian Augmented ♯2♯3,satellite,A1,Mercury,false,,unprojected_formal_modal_application
M:1749:1461,1749,Acoustic,anchor,A1,Moon,1461,Mixolydian ♭6,anchor,A1,Mercury,true,modal:A1:1749:1461,canonical_modal_edge_projected
M:1753:731,1753,Hungarian Major,satellite,A1,Moon,731,Alternating Heptamode,satellite,A1,Mercury,false,,unprojected_formal_modal_application
M:1763:2929,1763,Lydian 7♭2♯3,satellite,D2,Sun,2929,Lydian +♯32,satellite,D2,Mars,true,modal:D2-satellite:7-Z38:1:1763:2929,canonical_modal_edge_projected
M:1765:1465,1765,Lydian ♭7♯3,satellite,A1,Moon,1465,Rāga Cudamani,satellite,A1,Mercury,false,,unprojected_formal_modal_application
M:1769:733,1769,Lydian ♭7♯2♯3,boundary,,,733,Superlocrian ♮2♭♭6♭♭7,boundary,,,false,,unprojected_formal_modal_application
M:1777:367,1777,Lydian ♭7♯3𝄪2,boundary,,,367,Infra-Alt 67,boundary,,,false,,unprojected_formal_modal_application
M:1807:2951,1807,7-5 rooted state 1807,boundary,,,2951,7-5 rooted state 2951,boundary,,,false,,unprojected_formal_modal_application
M:1815:2955,1815,Scale 1815,satellite,D4,Jupiter,2955,Neapolitan Maj 𝄪4♯5,satellite,D4,Saturn,true,modal:D4-satellite:7-13:1:1815:2955,canonical_modal_edge_projected
M:1819:2957,1819,Alt ♮6♯5,satellite,D2,Mercury,2957,Melodic +4,satellite,D2,Venus,true,modal:D2-satellite:7-Z38:1:1819:2957,canonical_modal_edge_projected
M:1821:1479,1821,Dorian +♭4,anchor,D2,Mercury,1479,Mela Jalarnava,anchor,D2,Venus,true,modal:D2:1821:1479,canonical_modal_edge_projected
M:1831:2963,1831,Dominant +♭2𝄫3,anchor,D4,Jupiter,2963,Ionian +♭2𝄪4,anchor,D4,Saturn,true,modal:D4:1831:2963,canonical_modal_edge_projected
M:1835:2965,1835,Dorian +♭2,satellite,A1,Jupiter,2965,Ionian +𝄪4,satellite,A1,Saturn,false,,unprojected_formal_modal_application
M:1837:1483,1837,Dorian Augmented,satellite,A0,Mercury,1483,Mela Bhavapriya,satellite,A0,Venus,false,,unprojected_formal_modal_application
M:1843:2969,1843,7-21 rooted state 1843,boundary,,,2969,Scale 2969,boundary,,,false,,unprojected_formal_modal_application
M:1845:1485,1845,Mixolydian Augmented,satellite,A0,Mars,1485,Mela Sanmukhapriya,satellite,A0,Jupiter,false,,unprojected_formal_modal_application
M:1849:743,1849,Rāga Dvigandharabushini,satellite,D1,Saturn,743,Phrygian Hungarian Minor,satellite,D1,Moon,false,,unprojected_formal_modal_application
M:1863:2979,1863,Scale 1863,satellite,D4,Jupiter,2979,Ionian +♭2♯3𝄪4,satellite,D4,Saturn,true,modal:D4-satellite:7-13:2:1863:2979,canonical_modal_edge_projected
M:1867:2981,1867,Lydian 7+♭23,boundary,,,2981,Noh,boundary,,,false,,unprojected_formal_modal_application
M:1869:1491,1869,Lydian 7+♭3,satellite,A2,Sun,1491,Namanarayani,satellite,A2,Mars,false,,unprojected_formal_modal_application
M:1875:2985,1875,Persichetti,satellite,A2,Sun,2985,Ionian +♯23𝄪4,satellite,A2,Mars,false,,unprojected_formal_modal_application
M:1877:1493,1877,Aeroptian,anchor,A2,Sun,1493,Lydian Minor,anchor,A2,Mars,true,modal:A2:1877:1493,canonical_modal_edge_projected
M:1881:747,1881,Lydian 7+♯2,satellite,A2,Sun,747,1sus4 & ♭3∅7,satellite,A2,Mars,false,,unprojected_formal_modal_application
M:1891:2993,1891,Hijaz Major,anchor,D3,Sun,2993,Ionian +♯324,anchor,D3,Mars,true,modal:D3:1891:2993,canonical_modal_edge_projected
M:1893:1497,1893,Lydian 7+♯3,satellite,A2,Sun,1497,Jyoti Swarupini,satellite,A2,Mars,false,,unprojected_formal_modal_application
M:1897:749,1897,Lydian 7+♯23,boundary,,,749,Locrian ♮2♭♭6♭♭7,boundary,,,false,,unprojected_formal_modal_application
M:1905:375,1905,Lydian 7+♯3𝄪2,satellite,D4,Mercury,375,Scale 375,satellite,D4,Venus,true,modal:D4-satellite:7-13:1:1905:375,canonical_modal_edge_projected
M:1927:3011,1927,7-5 rooted state 1927,boundary,,,3011,7-5 rooted state 3011,boundary,,,false,,unprojected_formal_modal_application
M:1931:3013,1931,Dorian +♭2𝄪4,boundary,,,3013,Ionian +𝄪34,boundary,,,false,,unprojected_formal_modal_application
M:1933:1507,1933,Dorian +𝄪4,boundary,,,1507,Lydian ♭7♭2♭6♯3,boundary,,,false,,unprojected_formal_modal_application
M:1939:3017,1939,Dominant +♭2𝄪4,satellite,D4,Saturn,3017,Scale 3017,satellite,D4,Moon,true,modal:D4-satellite:7-16:1:1939:3017,canonical_modal_edge_projected
M:1941:1509,1941,Dominant +𝄪4,satellite,A2,Sun,1509,Lydian Minor ♯3,satellite,A2,Mars,false,,unprojected_formal_modal_application
M:1945:755,1945,7-Z18 rooted state 1945,boundary,,,755,Ionian ♭2♭5𝄫6𝄫7,boundary,,,false,,unprojected_formal_modal_application
M:1955:3025,1955,Dominant +♭2♯3𝄪4,satellite,D3,Sun,3025,Ionian +𝄪234,satellite,D3,Mars,true,modal:D3-satellite:7-11:2:1955:3025,canonical_modal_edge_projected
M:1957:1513,1957,Dominant +♯3𝄪4,boundary,,,1513,Lydian ♭7♭6♯2♯3,boundary,,,false,,unprojected_formal_modal_application
M:1961:757,1961,Dominant +♯2♯3𝄪4,boundary,,,757,Lipsean Mode II,boundary,,,false,,unprojected_formal_modal_application
M:1969:379,1969,Dominant +♯3𝄪2♭4,satellite,D3,Mars,379,Kaikian Mode II,satellite,D3,Jupiter,true,modal:D3-satellite:7-11:1:1969:379,canonical_modal_edge_projected
M:1987:3041,1987,7-4 rooted state 1987,boundary,,,3041,Scale 3041,boundary,,,false,,unprojected_formal_modal_application
M:1989:1521,1989,Dominant +34,boundary,,,1521,Lydian 7♭6♯32,boundary,,,false,,unprojected_formal_modal_application
M:1993:761,1993,Dominant +♯234,satellite,D5,Mars,761,Major Locrian ♯267,satellite,D5,Jupiter,true,modal:D5-satellite:7-10:1:1993:761,canonical_modal_edge_projected
M:2001:381,2001,Dominant +234,anchor,D6,Mars,381,Alt ♮25♭67,anchor,D6,Jupiter,true,modal:D6:2001:381,canonical_modal_edge_projected
M:2017:191,2017,Dominant +34♯2,satellite,D6,Mars,191,Ultra-Alt 67,satellite,D6,Jupiter,true,modal:D6-satellite:7-2:1:2017:191,canonical_modal_edge_projected
M:2111:3103,2111,7-1 terminal cluster state 2111,anchor,D7,Saturn,3103,7-1 terminal cluster state 3103,anchor,D7,Moon,true,modal:D7:2111:3103,canonical_modal_edge_projected
M:2143:3119,2143,Alt ♮734♭56,satellite,D6,Saturn,3119,Alt ♮7♯6345,satellite,D6,Moon,true,modal:D6-satellite:7-2:1:2143:3119,canonical_modal_edge_projected
M:2159:3127,2159,7-4 rooted state 2159,boundary,,,3127,7-4 rooted state 3127,boundary,,,false,,unprojected_formal_modal_application
M:2167:3131,2167,7-5 rooted state 2167,boundary,,,3131,7-5 rooted state 3131,boundary,,,false,,unprojected_formal_modal_application
M:2171:3133,2171,7-5 rooted state 2171,boundary,,,3133,7-5 rooted state 3133,boundary,,,false,,unprojected_formal_modal_application
M:2173:1567,2173,7-4 rooted state 2173,boundary,,,1567,7-4 rooted state 1567,boundary,,,false,,unprojected_formal_modal_application
M:2207:3151,2207,7-3 rooted state 2207,boundary,,,3151,7-3 rooted state 3151,boundary,,,false,,unprojected_formal_modal_application
M:2223:3159,2223,Arcadian Minor,boundary,,,3159,Alt ♮7♯6𝄫3,boundary,,,false,,unprojected_formal_modal_application
M:2231:3163,2231,Arcadian,boundary,,,3163,Alt ♮7♯6,boundary,,,false,,unprojected_formal_modal_application
M:2235:3165,2235,Exotic Minor,satellite,D4,Sun,3165,Scale 3165,satellite,D4,Mars,true,modal:D4-satellite:7-13:1:2235:3165,canonical_modal_edge_projected
M:2237:1583,2237,Alt ♮27♭♭56,satellite,D3,Saturn,1583,Alt ♮6♭♭3♭4♭5,satellite,D3,Moon,true,modal:D3-satellite:7-11:1:2237:1583,canonical_modal_edge_projected
M:2255:3175,2255,Alt ♮7346,satellite,D5,Moon,3175,Locrian 3♯6♮7,satellite,D5,Mercury,true,modal:D5-satellite:7-6:1:2255:3175,canonical_modal_edge_projected
M:2263:3179,2263,Phlegmatic Minor,boundary,,,3179,Locrian ♮7♯6,boundary,,,false,,unprojected_formal_modal_application
M:2267:3181,2267,Scale 2267,satellite,D2,Saturn,3181,Melodic ♭5♯6,satellite,D2,Moon,true,modal:D2-satellite:7-Z38:1:2267:3181,canonical_modal_edge_projected
M:2269:1591,2269,Nomadic Minor,anchor,D3,Saturn,1591,Alt ♮6♭♭3♭5,anchor,D3,Moon,true,modal:D3:2269:1591,canonical_modal_edge_projected
M:2279:3187,2279,Scale 2279,satellite,D2,Saturn,3187,Scale 3187,satellite,D2,Moon,true,modal:D2-satellite:7-7:1:2279:3187,canonical_modal_edge_projected
M:2283:3189,2283,Pacific Minor,anchor,D2,Saturn,3189,Ionian ♭5♯6,anchor,D2,Moon,true,modal:D2:2283:3189,canonical_modal_edge_projected
M:2285:1595,2285,Supine,satellite,D2,Saturn,1595,Alt ♮65,satellite,D2,Moon,true,modal:D2-satellite:7-Z38:2:2285:1595,canonical_modal_edge_projected
M:2291:3193,2291,Scale 2291,satellite,D2,Saturn,3193,Scale 3193,satellite,D2,Moon,true,modal:D2-satellite:7-7:2:2291:3193,canonical_modal_edge_projected
M:2293:1597,2293,Bucolic,boundary,,,1597,Rāga Ravikosh,boundary,,,false,,unprojected_formal_modal_application
M:2297:799,2297,Raghupriya V,satellite,D5,Jupiter,799,Infra-Alt 5♭6,satellite,D5,Saturn,true,modal:D5-satellite:7-6:2:2297:799,canonical_modal_edge_projected
M:2335:3215,2335,7-3 rooted state 2335,boundary,,,3215,7-3 rooted state 3215,boundary,,,false,,unprojected_formal_modal_application
M:2351:3223,2351,Alt ♮7345,satellite,D5,Moon,3223,Alt ♮57♯63,satellite,D5,Mercury,true,modal:D5-satellite:7-10:1:2351:3223,canonical_modal_edge_projected
M:2359:3227,2359,Unorthodox Minor,satellite,D4,Sun,3227,Neapolitan Major ♭4♯6,satellite,D4,Mars,true,modal:D4-satellite:7-16:1:2359:3227,canonical_modal_edge_projected
M:2363:3229,2363,Unorthodox,anchor,D4,Sun,3229,Varunapriya ♭4,anchor,D4,Mars,true,modal:D4:2363:3229,canonical_modal_edge_projected
M:2365:1615,2365,Alt ♮27𝄫5,satellite,D4,Sun,1615,Sydian (Alt ♮6𝄫34),satellite,D4,Mars,true,modal:D4-satellite:7-16:2:2365:1615,canonical_modal_edge_projected
M:2383:3239,2383,Alt ♮734,anchor,D5,Moon,3239,Rāga Tanukirti,anchor,D5,Mercury,true,modal:D5:2383:3239,canonical_modal_edge_projected
M:2391:3243,2391,Phlegmatic,satellite,A2,Moon,3243,Mela Rupavati,satellite,A2,Mercury,false,,unprojected_formal_modal_application
M:2395:3245,2395,Alt ♮7,satellite,A1,Sun,3245,Rāga Daulati,satellite,A1,Mars,false,,unprojected_formal_modal_application
M:2397:1623,2397,Eccentric,satellite,A2,Saturn,1623,Alt ♮63,satellite,A2,Moon,false,,unprojected_formal_modal_application
M:2407:3251,2407,7-19 rooted state 2407,boundary,,,3251,7-19 rooted state 3251,boundary,,,false,,unprojected_formal_modal_application
M:2411:3253,2411,Locrian ♮7,satellite,A0,Saturn,3253,Mela Naganandini,satellite,A0,Moon,false,,unprojected_formal_modal_application
M:2413:1627,2413,Harmonic Minor ♭5,satellite,A1,Venus,1627,Superlocrian ♯6,satellite,A1,Sun,false,,unprojected_formal_modal_application
M:2419:3257,2419,Rāga Suddha Pancama,satellite,D1,Mercury,3257,Rāga Madhuranjani,satellite,D1,Venus,false,,unprojected_formal_modal_application
M:2421:1629,2421,Harmonic Major ♭5,satellite,A2,Jupiter,1629,Dorian Blues,satellite,A2,Saturn,false,,unprojected_formal_modal_application
M:2425:815,2425,Scale 2425,boundary,,,815,Scale 815,boundary,,,false,,unprojected_formal_modal_application
M:2447:3271,2447,Alt ♮5734,satellite,D5,Moon,3271,Mela Raghupriya,satellite,D5,Mercury,true,modal:D5-satellite:7-6:2:2447:3271,canonical_modal_edge_projected
M:2455:3275,2455,7-Z18 rooted state 2455,boundary,,,3275,7-Z18 rooted state 3275,boundary,,,false,,unprojected_formal_modal_application
M:2459:3277,2459,7-21 rooted state 2459,boundary,,,3277,7-21 rooted state 3277,boundary,,,false,,unprojected_formal_modal_application
M:2461:1639,2461,7-21 rooted state 2461,boundary,,,1639,7-21 rooted state 1639,boundary,,,false,,unprojected_formal_modal_application
M:2471:3283,2471,7-19 rooted state 2471,boundary,,,3283,7-19 rooted state 3283,boundary,,,false,,unprojected_formal_modal_application
M:2475:3285,2475,Neapolitan Minor,satellite,A0,Venus,3285,Mela Citrambari,satellite,A0,Sun,false,,unprojected_formal_modal_application
M:2477:1643,2477,Harmonic Minor,satellite,A0,Jupiter,1643,Locrian ♮6,satellite,A0,Saturn,false,,unprojected_formal_modal_application
M:2483:3289,2483,Double Harmonic,anchor,D1,Mercury,3289,Rasikapriya,anchor,D1,Venus,true,modal:D1:2483:3289,canonical_modal_edge_projected
M:2485:1645,2485,Harmonic Major,satellite,A0,Moon,1645,Dorian ♭5,satellite,A0,Mercury,false,,unprojected_formal_modal_application
M:2489:823,2489,Scale 2489,boundary,,,823,Scale 823,boundary,,,false,,unprojected_formal_modal_application
M:2503:3299,2503,Scale 2503,satellite,D2,Venus,3299,Scale 3299,satellite,D2,Sun,true,modal:D2-satellite:7-7:2:2503:3299,canonical_modal_edge_projected
M:2507:3301,2507,Chromatic Lydian Inverse,satellite,D1,Mars,3301,Rāga Loom Sarang,satellite,D1,Jupiter,false,,unprojected_formal_modal_application
M:2509:1651,2509,Double Harmonic Minor,anchor,D1,Mars,1651,Tsinganikos,anchor,D1,Jupiter,true,modal:D1:2509:1651,canonical_modal_edge_projected
M:2515:3305,2515,Chromatic Hypolydian,satellite,D1,Mercury,3305,Chromatic Hypophrygian,satellite,D1,Venus,false,,unprojected_formal_modal_application
M:2517:1653,2517,Lydian Harmonic Major,satellite,A0,Sun,1653,Mixolydian ♭5,satellite,A0,Mars,false,,unprojected_formal_modal_application
M:2521:827,2521,Scale 2521,boundary,,,827,Scale 827,boundary,,,false,,unprojected_formal_modal_application
M:2531:3313,2531,Scale 2531,satellite,D2,Sun,3313,Scale 3313,satellite,D2,Mars,true,modal:D2-satellite:7-7:1:2531:3313,canonical_modal_edge_projected
M:2533:1657,2533,7-19 rooted state 2533,boundary,,,1657,7-19 rooted state 1657,boundary,,,false,,unprojected_formal_modal_application
M:2537:829,2537,Scale 2537,boundary,,,829,7-Z18 rooted state 829,boundary,,,false,,unprojected_formal_modal_application
M:2545:415,2545,Lydian 2♯3♭6,satellite,D5,Jupiter,415,Infra-Alt 57,satellite,D5,Saturn,true,modal:D5-satellite:7-6:1:2545:415,canonical_modal_edge_projected
M:2591:3343,2591,Quixotic,satellite,D6,Moon,3343,Phrygian +34,satellite,D6,Mercury,true,modal:D6-satellite:7-2:2:2591:3343,canonical_modal_edge_projected
M:2607:3351,2607,Alt ♮67345,anchor,D6,Moon,3351,Crater Scale,anchor,D6,Mercury,true,modal:D6:2607:3351,canonical_modal_edge_projected
M:2615:3355,2615,Alt ♮67♭♭35,satellite,D3,Moon,3355,Phrygian +♭4,satellite,D3,Mercury,true,modal:D3-satellite:7-11:2:2615:3355,canonical_modal_edge_projected
M:2619:3357,2619,Alt ♮675,satellite,D4,Sun,3357,Scale 3357,satellite,D4,Mars,true,modal:D4-satellite:7-13:2:2619:3357,canonical_modal_edge_projected
M:2621:1679,2621,Euphoric,boundary,,,1679,Zephyrean Mode V,boundary,,,false,,unprojected_formal_modal_application
M:2639:3367,2639,Alt ♮6734,satellite,D5,Moon,3367,Neapolitan Major 3♯5♯6,satellite,D5,Mercury,true,modal:D5-satellite:7-10:2:2639:3367,canonical_modal_edge_projected
M:2647:3371,2647,Bohemian,boundary,,,3371,Neapolitan Maj ♯5♯6,boundary,,,false,,unprojected_formal_modal_application
M:2651:3373,2651,7-25 rooted state 2651,boundary,,,3373,Melodic +♯6,boundary,,,false,,unprojected_formal_modal_application
M:2653:1687,2653,Nomadic,boundary,,,1687,Midlocrian,boundary,,,false,,unprojected_formal_modal_application
M:2663:3379,2663,7-Z18 rooted state 2663,boundary,,,3379,7-Z18 rooted state 3379,boundary,,,false,,unprojected_formal_modal_application
M:2667:3381,2667,Neapolitan Major ♭5,satellite,A2,Mercury,3381,Ionian +♯6,satellite,A2,Venus,false,,unprojected_formal_modal_application
M:2669:1691,2669,Jeths' Mode,satellite,A1,Mars,1691,Dorian ♭2♭4,satellite,A1,Jupiter,false,,unprojected_formal_modal_application
M:2675:3385,2675,Chromatic Lydian,satellite,D1,Jupiter,3385,Chromatic Phrygian,satellite,D1,Saturn,false,,unprojected_formal_modal_application
M:2677:1693,2677,Ionian ♭5,satellite,A0,Moon,1693,Dorian ♭4,satellite,A0,Mercury,false,,unprojected_formal_modal_application
M:2681:847,2681,Scale 2681,boundary,,,847,Scale 847,boundary,,,false,,unprojected_formal_modal_application
M:2703:3399,2703,Erratic Minor,boundary,,,3399,Phrygian +𝄫3,boundary,,,false,,unprojected_formal_modal_application
M:2711:3403,2711,Erratic,boundary,,,3403,Enigmatic Minor,boundary,,,false,,unprojected_formal_modal_application
M:2715:3405,2715,Neapolitan Major ♭4,satellite,A2,Mercury,3405,Phrygian +♮2,satellite,A2,Venus,false,,unprojected_formal_modal_application
M:2717:1703,2717,Melodic ♭4,satellite,A1,Mars,1703,Rāga Bhanumati,satellite,A1,Jupiter,false,,unprojected_formal_modal_application
M:2727:3411,2727,Rāga Manoranjani,satellite,A2,Mercury,3411,Enigmatic,satellite,A2,Venus,false,,unprojected_formal_modal_application
M:2731:3413,2731,Neapolitan Major,anchor,A2,Mercury,3413,Leading Whole-Tone,anchor,A2,Venus,true,modal:A2:2731:3413,canonical_modal_edge_projected
M:2733:1707,2733,Melodic Minor,anchor,A1,Mars,1707,Dorian ♭2,anchor,A1,Jupiter,true,modal:A1:2733:1707,canonical_modal_edge_projected
M:2739:3417,2739,Rāga Supradhipam,satellite,A0,Moon,3417,Lydian +♯26,satellite,A0,Mercury,false,,unprojected_formal_modal_application
M:2741:1709,2741,Ionian,anchor,A0,Moon,1709,Dorian,anchor,A0,Mercury,true,modal:A0:2741:1709,canonical_modal_edge_projected
M:2745:855,2745,Rāga Sailadesakshi,satellite,A0,Moon,855,Ultralocrian 𝄫3,satellite,A0,Mercury,false,,unprojected_formal_modal_application
M:2759:3427,2759,Lydian ♭2♭♭3,boundary,,,3427,Phrygian +♯3,boundary,,,false,,unprojected_formal_modal_application
M:2763:3429,2763,Rāga Sauviram,satellite,A2,Mercury,3429,Lydian +♯36,satellite,A2,Venus,false,,unprojected_formal_modal_application
M:2765:1715,2765,Lydian Diminished,satellite,A0,Sun,1715,Dominant ♭2,satellite,A0,Mars,false,,unprojected_formal_modal_application
M:2771:3433,2771,Mela Gamanasrama,satellite,A0,Sun,3433,Superlydian Augmented,satellite,A0,Mars,false,,unprojected_formal_modal_application
M:2773:1717,2773,Lydian,anchor,A0,Sun,1717,Mixolydian,anchor,A0,Mars,true,modal:A0:2773:1717,canonical_modal_edge_projected
M:2777:859,2777,Aeolian Harmonic,satellite,A0,Sun,859,Ultralocrian,satellite,A0,Mars,false,,unprojected_formal_modal_application
M:2787:3441,2787,Lydian ♭2♯3,anchor,D2,Sun,3441,Superlydian Augmented ♯2,anchor,D2,Mars,true,modal:D2:2787:3441,canonical_modal_edge_projected
M:2789:1721,2789,Lydian ♯3,satellite,A0,Sun,1721,Rāga Ganavaridhi,satellite,A0,Mars,false,,unprojected_formal_modal_application
M:2793:861,2793,1sus4 & 7⁷,satellite,A2,Jupiter,861,Superlocrian ♮2𝄫7,satellite,A2,Saturn,false,,unprojected_formal_modal_application
M:2801:431,2801,Rāga Hindolita,boundary,,,431,Infra-Alt 7,boundary,,,false,,unprojected_formal_modal_application
M:2831:3463,2831,7-4 rooted state 2831,boundary,,,3463,7-4 rooted state 3463,boundary,,,false,,unprojected_formal_modal_application
M:2839:3467,2839,Kaikian Mode V,satellite,D3,Mercury,3467,Phrygian +𝄪4,satellite,D3,Venus,true,modal:D3-satellite:7-11:1:2839:3467,canonical_modal_edge_projected
M:2843:3469,2843,Neapolitan Major ♭4♯5,anchor,D3,Mercury,3469,Melodic +♯6𝄪4,anchor,D3,Venus,true,modal:D3:2843:3469,canonical_modal_edge_projected
M:2845:1735,2845,Melodic +♭4,satellite,D2,Mercury,1735,Navaneetam,satellite,D2,Venus,true,modal:D2-satellite:7-Z38:2:2845:1735,canonical_modal_edge_projected
M:2855:3475,2855,Ionian +♭2𝄫3,satellite,D4,Jupiter,3475,Enigmatic 𝄪4,satellite,D4,Saturn,true,modal:D4-satellite:7-16:2:2855:3475,canonical_modal_edge_projected
M:2859:3477,2859,Neapolitan Major ♯5,satellite,A2,Mercury,3477,Ionian +♯64,satellite,A2,Venus,false,,unprojected_formal_modal_application
M:2861:1739,2861,Melodic +,satellite,A1,Mars,1739,Rāga Sthavarajam,satellite,A1,Jupiter,false,,unprojected_formal_modal_application
M:2867:3481,2867,7-21 rooted state 2867,boundary,,,3481,Scale 3481,boundary,,,false,,unprojected_formal_modal_application
M:2869:1741,2869,Major Augmented,satellite,A0,Moon,1741,Dorian ♯4,satellite,A0,Mercury,false,,unprojected_formal_modal_application
M:2873:871,2873,Ionian Augmented ♯2,anchor,D1,Saturn,871,Locrian 𝄫3𝄫7,anchor,D1,Moon,true,modal:D1:2873:871,canonical_modal_edge_projected
M:2887:3491,2887,Zephyrean Mode VI,boundary,,,3491,Superlydian Augmented ♭2𝄪4,boundary,,,false,,unprojected_formal_modal_application
M:2891:3493,2891,7-25 rooted state 2891,boundary,,,3493,Ionian +♯3♯6𝄪4,boundary,,,false,,unprojected_formal_modal_application
M:2893:1747,2893,Lydian Augmented ♭3,satellite,A1,Saturn,1747,Lydian 7♭2,satellite,A1,Moon,false,,unprojected_formal_modal_application
M:2899:3497,2899,Lydian Augmented ♭2,satellite,A1,Saturn,3497,Superlydian Augmented 𝄪4,satellite,A1,Moon,false,,unprojected_formal_modal_application
M:2901:1749,2901,Lydian Augmented,anchor,A1,Saturn,1749,Acoustic,anchor,A1,Moon,true,modal:A1:2901:1749,canonical_modal_edge_projected
M:2905:875,2905,Aeolian Flat,satellite,A0,Jupiter,875,Locrian double-flat 7,satellite,A0,Saturn,false,,unprojected_formal_modal_application
M:2915:3505,2915,Scale 2915,satellite,D2,Sun,3505,Superlydian Augmented 24,satellite,D2,Mars,true,modal:D2-satellite:7-Z38:2:2915:3505,canonical_modal_edge_projected
M:2917:1753,2917,Lydian Augmented ♯3,satellite,A1,Saturn,1753,Hungarian Major,satellite,A1,Moon,false,,unprojected_formal_modal_application
M:2921:877,2921,Lydian Augmented ♯2♯3,satellite,A1,Mercury,877,Hungarian Major Inverse,satellite,A1,Venus,false,,unprojected_formal_modal_application
M:2929:439,2929,Lydian +♯32,satellite,D2,Mars,439,Infra-Alt 7♭4,satellite,D2,Jupiter,true,modal:D2-satellite:7-Z38:1:2929:439,canonical_modal_edge_projected
M:2951:3523,2951,7-5 rooted state 2951,boundary,,,3523,7-5 rooted state 3523,boundary,,,false,,unprojected_formal_modal_application
M:2955:3525,2955,Neapolitan Maj 𝄪4♯5,satellite,D4,Saturn,3525,Scale 3525,satellite,D4,Moon,true,modal:D4-satellite:7-13:1:2955:3525,canonical_modal_edge_projected
M:2957:1763,2957,Melodic +4,satellite,D2,Venus,1763,Lydian 7♭2♯3,satellite,D2,Sun,true,modal:D2-satellite:7-Z38:1:2957:1763,canonical_modal_edge_projected
M:2963:3529,2963,Ionian +♭2𝄪4,anchor,D4,Saturn,3529,Superlydian Augmented 𝄪3𝄪4,anchor,D4,Moon,true,modal:D4:2963:3529,canonical_modal_edge_projected
M:2965:1765,2965,Ionian +𝄪4,satellite,A1,Saturn,1765,Lydian ♭7♯3,satellite,A1,Moon,false,,unprojected_formal_modal_application
M:2969:883,2969,Scale 2969,boundary,,,883,Scale 883,boundary,,,false,,unprojected_formal_modal_application
M:2979:3537,2979,Ionian +♭2♯3𝄪4,satellite,D4,Saturn,3537,Scale 3537,satellite,D4,Moon,true,modal:D4-satellite:7-13:2:2979:3537,canonical_modal_edge_projected
M:2981:1769,2981,Noh,boundary,,,1769,Lydian ♭7♯2♯3,boundary,,,false,,unprojected_formal_modal_application
M:2985:885,2985,Ionian +♯23𝄪4,satellite,A2,Mars,885,Major Locrian 𝄫7,satellite,A2,Jupiter,false,,unprojected_formal_modal_application
M:2993:443,2993,Ionian +♯324,anchor,D3,Mars,443,Alt ♭♭5♭♭6♭♭♭7,anchor,D3,Jupiter,true,modal:D3:2993:443,canonical_modal_edge_projected
M:3011:3553,3011,7-5 rooted state 3011,boundary,,,3553,Scale 3553,boundary,,,false,,unprojected_formal_modal_application
M:3013:1777,3013,Ionian +𝄪34,boundary,,,1777,Lydian ♭7♯3𝄪2,boundary,,,false,,unprojected_formal_modal_application
M:3017:889,3017,Scale 3017,satellite,D4,Moon,889,Scale 889,satellite,D4,Mercury,true,modal:D4-satellite:7-16:1:3017:889,canonical_modal_edge_projected
M:3025:445,3025,Ionian +𝄪234,satellite,D3,Mars,445,Alt ♮2♭♭5♭6♭♭♭7,satellite,D3,Jupiter,true,modal:D3-satellite:7-11:2:3025:445,canonical_modal_edge_projected
M:3041:223,3041,Scale 3041,boundary,,,223,Scale 223,boundary,,,false,,unprojected_formal_modal_application
M:3103:3599,3103,7-1 terminal cluster state 3103,anchor,D7,Moon,3599,7-1 terminal cluster state 3599,anchor,D7,Mercury,true,modal:D7:3103:3599,canonical_modal_edge_projected
M:3119:3607,3119,Alt ♮7♯6345,satellite,D6,Moon,3607,Alt ♮7♯653,satellite,D6,Mercury,true,modal:D6-satellite:7-2:1:3119:3607,canonical_modal_edge_projected
M:3127:3611,3127,7-4 rooted state 3127,boundary,,,3611,7-4 rooted state 3611,boundary,,,false,,unprojected_formal_modal_application
M:3131:3613,3131,7-5 rooted state 3131,boundary,,,3613,7-5 rooted state 3613,boundary,,,false,,unprojected_formal_modal_application
M:3133:1807,3133,7-5 rooted state 3133,boundary,,,1807,7-5 rooted state 1807,boundary,,,false,,unprojected_formal_modal_application
M:3151:3623,3151,7-3 rooted state 3151,boundary,,,3623,7-3 rooted state 3623,boundary,,,false,,unprojected_formal_modal_application
M:3159:3627,3159,Alt ♮7♯6𝄫3,boundary,,,3627,Neapolitan Maj 5♯6,boundary,,,false,,unprojected_formal_modal_application
M:3163:3629,3163,Alt ♮7♯6,boundary,,,3629,Melodic 𝄪5♯6,boundary,,,false,,unprojected_formal_modal_application
M:3165:1815,3165,Scale 3165,satellite,D4,Mars,1815,Scale 1815,satellite,D4,Jupiter,true,modal:D4-satellite:7-13:1:3165:1815,canonical_modal_edge_projected
M:3175:3635,3175,Locrian 3♯6♮7,satellite,D5,Mercury,3635,Ionian ♭25♯6,satellite,D5,Venus,true,modal:D5-satellite:7-6:1:3175:3635,canonical_modal_edge_projected
M:3179:3637,3179,Locrian ♮7♯6,boundary,,,3637,Rāga Rageshri,boundary,,,false,,unprojected_formal_modal_application
M:3181:1819,3181,Melodic ♭5♯6,satellite,D2,Moon,1819,Alt ♮6♯5,satellite,D2,Mercury,true,modal:D2-satellite:7-Z38:1:3181:1819,canonical_modal_edge_projected
M:3187:3641,3187,Scale 3187,satellite,D2,Moon,3641,Ionian ♯2𝄪5♯6,satellite,D2,Mercury,true,modal:D2-satellite:7-7:1:3187:3641,canonical_modal_edge_projected
M:3189:1821,3189,Ionian ♭5♯6,anchor,D2,Moon,1821,Dorian +♭4,anchor,D2,Mercury,true,modal:D2:3189:1821,canonical_modal_edge_projected
M:3193:911,3193,Scale 3193,satellite,D2,Moon,911,Phrygian 𝄫3𝄫4𝄫7,satellite,D2,Mercury,true,modal:D2-satellite:7-7:2:3193:911,canonical_modal_edge_projected
M:3215:3655,3215,7-3 rooted state 3215,boundary,,,3655,7-3 rooted state 3655,boundary,,,false,,unprojected_formal_modal_application
M:3223:3659,3223,Alt ♮57♯63,satellite,D5,Mercury,3659,Phrygian +5,satellite,D5,Venus,true,modal:D5-satellite:7-10:1:3223:3659,canonical_modal_edge_projected
M:3227:3661,3227,Neapolitan Major ♭4♯6,satellite,D4,Mars,3661,Melodic ♯4𝄪5♯6,satellite,D4,Jupiter,true,modal:D4-satellite:7-16:1:3227:3661,canonical_modal_edge_projected
M:3229:1831,3229,Varunapriya ♭4,anchor,D4,Mars,1831,Dominant +♭2𝄫3,anchor,D4,Jupiter,true,modal:D4:3229:1831,canonical_modal_edge_projected
M:3239:3667,3239,Rāga Tanukirti,anchor,D5,Mercury,3667,Lydian ♭25♯6,anchor,D5,Venus,true,modal:D5:3239:3667,canonical_modal_edge_projected
M:3243:3669,3243,Mela Rupavati,satellite,A2,Mercury,3669,Ionian ♯4𝄪5♯6,satellite,A2,Venus,false,,unprojected_formal_modal_application
M:3245:1835,3245,Rāga Daulati,satellite,A1,Mars,1835,Dorian +♭2,satellite,A1,Jupiter,false,,unprojected_formal_modal_application
M:3251:3673,3251,7-19 rooted state 3251,boundary,,,3673,Scale 3673,boundary,,,false,,unprojected_formal_modal_application
M:3253:1837,3253,Mela Naganandini,satellite,A0,Moon,1837,Dorian Augmented,satellite,A0,Mercury,false,,unprojected_formal_modal_application
M:3257:919,3257,Rāga Madhuranjani,satellite,D1,Venus,919,Chromatic Phrygian Inverse,satellite,D1,Sun,false,,unprojected_formal_modal_application
M:3271:3683,3271,Mela Raghupriya,satellite,D5,Mercury,3683,Phrygian +♯35,satellite,D5,Venus,true,modal:D5-satellite:7-6:2:3271:3683,canonical_modal_edge_projected
M:3275:3685,3275,7-Z18 rooted state 3275,boundary,,,3685,7-Z18 rooted state 3685,boundary,,,false,,unprojected_formal_modal_application
M:3277:1843,3277,7-21 rooted state 3277,boundary,,,1843,7-21 rooted state 1843,boundary,,,false,,unprojected_formal_modal_application
M:3283:3689,3283,7-19 rooted state 3283,boundary,,,3689,Scale 3689,boundary,,,false,,unprojected_formal_modal_application
M:3285:1845,3285,Mela Citrambari,satellite,A0,Sun,1845,Mixolydian Augmented,satellite,A0,Mars,false,,unprojected_formal_modal_application
M:3289:923,3289,Rasikapriya,anchor,D1,Venus,923,Alt ♮5𝄫7,anchor,D1,Sun,true,modal:D1:3289:923,canonical_modal_edge_projected
M:3299:3697,3299,Scale 3299,satellite,D2,Sun,3697,Scale 3697,satellite,D2,Mars,true,modal:D2-satellite:7-7:2:3299:3697,canonical_modal_edge_projected
M:3301:1849,3301,Rāga Loom Sarang,satellite,D1,Jupiter,1849,Rāga Dvigandharabushini,satellite,D1,Saturn,false,,unprojected_formal_modal_application
M:3305:925,3305,Chromatic Hypophrygian,satellite,D1,Venus,925,Chromatic Hypodorian,satellite,D1,Sun,false,,unprojected_formal_modal_application
M:3313:463,3313,Scale 3313,satellite,D2,Mars,463,Scale 463,satellite,D2,Jupiter,true,modal:D2-satellite:7-7:1:3313:463,canonical_modal_edge_projected
M:3343:3719,3343,Phrygian +34,satellite,D6,Mercury,3719,Phrygian +𝄫3𝄪45,satellite,D6,Venus,true,modal:D6-satellite:7-2:2:3343:3719,canonical_modal_edge_projected
M:3351:3723,3351,Crater Scale,anchor,D6,Mercury,3723,Phrygian +45,anchor,D6,Venus,true,modal:D6:3351:3723,canonical_modal_edge_projected
M:3355:3725,3355,Phrygian +♭4,satellite,D3,Mercury,3725,Eurean Mode VI,satellite,D3,Venus,true,modal:D3-satellite:7-11:2:3355:3725,canonical_modal_edge_projected
M:3357:1863,3357,Scale 3357,satellite,D4,Mars,1863,Scale 1863,satellite,D4,Jupiter,true,modal:D4-satellite:7-13:2:3357:1863,canonical_modal_edge_projected
M:3367:3731,3367,Neapolitan Major 3♯5♯6,satellite,D5,Mercury,3731,Aeryrian,satellite,D5,Venus,true,modal:D5-satellite:7-10:2:3367:3731,canonical_modal_edge_projected
M:3371:3733,3371,Neapolitan Maj ♯5♯6,boundary,,,3733,Ionian 𝄪4𝄪5♯6,boundary,,,false,,unprojected_formal_modal_application
M:3373:1867,3373,Melodic +♯6,boundary,,,1867,Lydian 7+♭23,boundary,,,false,,unprojected_formal_modal_application
M:3379:3737,3379,7-Z18 rooted state 3379,boundary,,,3737,Scale 3737,boundary,,,false,,unprojected_formal_modal_application
M:3381:1869,3381,Ionian +♯6,satellite,A2,Venus,1869,Lydian 7+♭3,satellite,A2,Sun,false,,unprojected_formal_modal_application
M:3385:935,3385,Chromatic Phrygian,satellite,D1,Saturn,935,Kanakangi,satellite,D1,Moon,false,,unprojected_formal_modal_application
M:3399:3747,3399,Phrygian +𝄫3,boundary,,,3747,Superlydian Augmented ♭2𝄪4𝄪5,boundary,,,false,,unprojected_formal_modal_application
M:3403:3749,3403,Enigmatic Minor,boundary,,,3749,Rāga Sorati,boundary,,,false,,unprojected_formal_modal_application
M:3405:1875,3405,Phrygian +♮2,satellite,A2,Venus,1875,Persichetti,satellite,A2,Sun,false,,unprojected_formal_modal_application
M:3411:3753,3411,Enigmatic,satellite,A2,Venus,3753,Superaugmented ♯3𝄪4𝄪5,satellite,A2,Sun,false,,unprojected_formal_modal_application
M:3413:1877,3413,Leading Whole-Tone,anchor,A2,Venus,1877,Aeroptian,anchor,A2,Sun,true,modal:A2:3413:1877,canonical_modal_edge_projected
M:3417:939,3417,Lydian +♯26,satellite,A0,Mercury,939,Rāga Malini,satellite,A0,Venus,false,,unprojected_formal_modal_application
M:3427:3761,3427,Phrygian +♯3,boundary,,,3761,Rāga Madhuri,boundary,,,false,,unprojected_formal_modal_application
M:3429:1881,3429,Lydian +♯36,satellite,A2,Venus,1881,Lydian 7+♯2,satellite,A2,Sun,false,,unprojected_formal_modal_application
M:3433:941,3433,Superlydian Augmented,satellite,A0,Mars,941,Rāga Jhankara Bhramavi,satellite,A0,Jupiter,false,,unprojected_formal_modal_application
M:3441:471,3441,Superlydian Augmented ♯2,anchor,D2,Mars,471,Alt 3·6·♭7,anchor,D2,Jupiter,true,modal:D2:3441:471,canonical_modal_edge_projected
M:3463:3779,3463,7-4 rooted state 3463,boundary,,,3779,7-4 rooted state 3779,boundary,,,false,,unprojected_formal_modal_application
M:3467:3781,3467,Phrygian +𝄪4,satellite,D3,Venus,3781,Kaikian Mode VII,satellite,D3,Sun,true,modal:D3-satellite:7-11:1:3467:3781,canonical_modal_edge_projected
M:3469:1891,3469,Melodic +♯6𝄪4,anchor,D3,Venus,1891,Hijaz Major,anchor,D3,Sun,true,modal:D3:3469:1891,canonical_modal_edge_projected
M:3475:3785,3475,Enigmatic 𝄪4,satellite,D4,Saturn,3785,Scale 3785,satellite,D4,Moon,true,modal:D4-satellite:7-16:2:3475:3785,canonical_modal_edge_projected
M:3477:1893,3477,Ionian +♯64,satellite,A2,Venus,1893,Lydian 7+♯3,satellite,A2,Sun,false,,unprojected_formal_modal_application
M:3481:947,3481,Scale 3481,boundary,,,947,Scale 947,boundary,,,false,,unprojected_formal_modal_application
M:3491:3793,3491,Superlydian Augmented ♭2𝄪4,boundary,,,3793,Superlydian Augmented 𝄪2𝄪3𝄪4𝄪5,boundary,,,false,,unprojected_formal_modal_application
M:3493:1897,3493,Ionian +♯3♯6𝄪4,boundary,,,1897,Lydian 7+♯23,boundary,,,false,,unprojected_formal_modal_application
M:3497:949,3497,Superlydian Augmented 𝄪4,satellite,A1,Moon,949,Mararanjani,satellite,A1,Mercury,false,,unprojected_formal_modal_application
M:3505:475,3505,Superlydian Augmented 24,satellite,D2,Mars,475,Alt 6♭7,satellite,D2,Jupiter,true,modal:D2-satellite:7-Z38:2:3505:475,canonical_modal_edge_projected
M:3523:3809,3523,7-5 rooted state 3523,boundary,,,3809,Borean Mode I,boundary,,,false,,unprojected_formal_modal_application
M:3525:1905,3525,Scale 3525,satellite,D4,Moon,1905,Lydian 7+♯3𝄪2,satellite,D4,Mercury,true,modal:D4-satellite:7-13:1:3525:1905,canonical_modal_edge_projected
M:3529:953,3529,Superlydian Augmented 𝄪3𝄪4,anchor,D4,Moon,953,Rāga Kalahamsa,anchor,D4,Mercury,true,modal:D4:3529:953,canonical_modal_edge_projected
M:3537:477,3537,Scale 3537,satellite,D4,Moon,477,Alt ♮2𝄫6♭𝄫7,satellite,D4,Mercury,true,modal:D4-satellite:7-13:2:3537:477,canonical_modal_edge_projected
M:3553:239,3553,Scale 3553,boundary,,,239,Infra-Alt 6𝄫𝄫7,boundary,,,false,,unprojected_formal_modal_application
M:3599:3847,3599,7-1 terminal cluster state 3599,anchor,D7,Mercury,3847,7-1 terminal cluster state 3847,anchor,D7,Venus,true,modal:D7:3599:3847,canonical_modal_edge_projected
M:3607:3851,3607,Alt ♮7♯653,satellite,D6,Mercury,3851,Phrygian +5♯4,satellite,D6,Venus,true,modal:D6-satellite:7-2:1:3607:3851,canonical_modal_edge_projected
M:3611:3853,3611,7-4 rooted state 3611,boundary,,,3853,7-4 rooted state 3853,boundary,,,false,,unprojected_formal_modal_application
M:3613:1927,3613,7-5 rooted state 3613,boundary,,,1927,7-5 rooted state 1927,boundary,,,false,,unprojected_formal_modal_application
M:3623:3859,3623,7-3 rooted state 3623,boundary,,,3859,7-3 rooted state 3859,boundary,,,false,,unprojected_formal_modal_application
M:3627:3861,3627,Neapolitan Maj 5♯6,boundary,,,3861,Ionian ♯45♯6,boundary,,,false,,unprojected_formal_modal_application
M:3629:1931,3629,Melodic 𝄪5♯6,boundary,,,1931,Dorian +♭2𝄪4,boundary,,,false,,unprojected_formal_modal_application
M:3635:3865,3635,Ionian ♭25♯6,satellite,D5,Venus,3865,Ionian ♯2♯45♯6,satellite,D5,Sun,true,modal:D5-satellite:7-6:1:3635:3865,canonical_modal_edge_projected
M:3637:1933,3637,Rāga Rageshri,boundary,,,1933,Dorian +𝄪4,boundary,,,false,,unprojected_formal_modal_application
M:3641:967,3641,Ionian ♯2𝄪5♯6,satellite,D2,Mercury,967,Scale 967,satellite,D2,Venus,true,modal:D2-satellite:7-7:1:3641:967,canonical_modal_edge_projected
M:3655:3875,3655,7-3 rooted state 3655,boundary,,,3875,7-3 rooted state 3875,boundary,,,false,,unprojected_formal_modal_application
M:3659:3877,3659,Phrygian +5,satellite,D5,Venus,3877,Ionian ♯3♯45♯6,satellite,D5,Sun,true,modal:D5-satellite:7-10:1:3659:3877,canonical_modal_edge_projected
M:3661:1939,3661,Melodic ♯4𝄪5♯6,satellite,D4,Jupiter,1939,Dominant +♭2𝄪4,satellite,D4,Saturn,true,modal:D4-satellite:7-16:1:3661:1939,canonical_modal_edge_projected
M:3667:3881,3667,Lydian ♭25♯6,anchor,D5,Venus,3881,Tanarupi III,anchor,D5,Sun,true,modal:D5:3667:3881,canonical_modal_edge_projected
M:3669:1941,3669,Ionian ♯4𝄪5♯6,satellite,A2,Venus,1941,Dominant +𝄪4,satellite,A2,Sun,false,,unprojected_formal_modal_application
M:3673:971,3673,Scale 3673,boundary,,,971,Scale 971,boundary,,,false,,unprojected_formal_modal_application
M:3683:3889,3683,Phrygian +♯35,satellite,D5,Venus,3889,Raghupriya III,satellite,D5,Sun,true,modal:D5-satellite:7-6:2:3683:3889,canonical_modal_edge_projected
M:3685:1945,3685,7-Z18 rooted state 3685,boundary,,,1945,7-Z18 rooted state 1945,boundary,,,false,,unprojected_formal_modal_application
M:3689:973,3689,Scale 3689,boundary,,,973,7-19 rooted state 973,boundary,,,false,,unprojected_formal_modal_application
M:3697:487,3697,Scale 3697,satellite,D2,Mars,487,Scale 487,satellite,D2,Jupiter,true,modal:D2-satellite:7-7:2:3697:487,canonical_modal_edge_projected
M:3719:3907,3719,Phrygian +𝄫3𝄪45,satellite,D6,Venus,3907,YUTian,satellite,D6,Sun,true,modal:D6-satellite:7-2:2:3719:3907,canonical_modal_edge_projected
M:3723:3909,3723,Phrygian +45,anchor,D6,Venus,3909,Superlydian Augmented ♮235♯4,anchor,D6,Sun,true,modal:D6:3723:3909,canonical_modal_edge_projected
M:3725:1955,3725,Eurean Mode VI,satellite,D3,Venus,1955,Dominant +♭2♯3𝄪4,satellite,D3,Sun,true,modal:D3-satellite:7-11:2:3725:1955,canonical_modal_edge_projected
M:3731:3913,3731,Aeryrian,satellite,D5,Venus,3913,Bonian,satellite,D5,Sun,true,modal:D5-satellite:7-10:2:3731:3913,canonical_modal_edge_projected
M:3733:1957,3733,Ionian 𝄪4𝄪5♯6,boundary,,,1957,Dominant +♯3𝄪4,boundary,,,false,,unprojected_formal_modal_application
M:3737:979,3737,Scale 3737,boundary,,,979,Scale 979,boundary,,,false,,unprojected_formal_modal_application
M:3747:3921,3747,Superlydian Augmented ♭2𝄪4𝄪5,boundary,,,3921,Superlydian Augmented 23♯45,boundary,,,false,,unprojected_formal_modal_application
M:3749:1961,3749,Rāga Sorati,boundary,,,1961,Dominant +♯2♯3𝄪4,boundary,,,false,,unprojected_formal_modal_application
M:3753:981,3753,Superaugmented ♯3𝄪4𝄪5,satellite,A2,Sun,981,Mela Kantamani,satellite,A2,Mars,false,,unprojected_formal_modal_application
M:3761:491,3761,Rāga Madhuri,boundary,,,491,Locrian ♭♭6♭♭♭7,boundary,,,false,,unprojected_formal_modal_application
M:3779:3937,3779,7-4 rooted state 3779,boundary,,,3937,Scale 3937,boundary,,,false,,unprojected_formal_modal_application
M:3781:1969,3781,Kaikian Mode VII,satellite,D3,Sun,1969,Dominant +♯3𝄪2♭4,satellite,D3,Mars,true,modal:D3-satellite:7-11:1:3781:1969,canonical_modal_edge_projected
M:3785:985,3785,Scale 3785,satellite,D4,Moon,985,Scale 985,satellite,D4,Mercury,true,modal:D4-satellite:7-16:2:3785:985,canonical_modal_edge_projected
M:3793:493,3793,Superlydian Augmented 𝄪2𝄪3𝄪4𝄪5,boundary,,,493,Locrian ♮2♭♭6♭♭♭7,boundary,,,false,,unprojected_formal_modal_application
M:3809:247,3809,Borean Mode I,boundary,,,247,Scale 247,boundary,,,false,,unprojected_formal_modal_application
M:3847:3971,3847,7-1 terminal cluster state 3847,anchor,D7,Venus,3971,7-1 terminal cluster state 3971,anchor,D7,Sun,true,modal:D7:3847:3971,canonical_modal_edge_projected
M:3851:3973,3851,Phrygian +5♯4,satellite,D6,Venus,3973,Superlydian Augmented ♮25♯34,satellite,D6,Sun,true,modal:D6-satellite:7-2:1:3851:3973,canonical_modal_edge_projected
M:3853:1987,3853,7-4 rooted state 3853,boundary,,,1987,7-4 rooted state 1987,boundary,,,false,,unprojected_formal_modal_application
M:3859:3977,3859,7-3 rooted state 3859,boundary,,,3977,Scale 3977,boundary,,,false,,unprojected_formal_modal_application
M:3861:1989,3861,Ionian ♯45♯6,boundary,,,1989,Dominant +34,boundary,,,false,,unprojected_formal_modal_application
M:3865:995,3865,Ionian ♯2♯45♯6,satellite,D5,Sun,995,Lydian ♭2♯3♭67,satellite,D5,Mars,true,modal:D5-satellite:7-6:1:3865:995,canonical_modal_edge_projected
M:3875:3985,3875,7-3 rooted state 3875,boundary,,,3985,7-3 rooted state 3985,boundary,,,false,,unprojected_formal_modal_application
M:3877:1993,3877,Ionian ♯3♯45♯6,satellite,D5,Sun,1993,Dominant +♯234,satellite,D5,Mars,true,modal:D5-satellite:7-10:1:3877:1993,canonical_modal_edge_projected
M:3881:997,3881,Tanarupi III,anchor,D5,Sun,997,Tanarupi IV,anchor,D5,Mars,true,modal:D5:3881:997,canonical_modal_edge_projected
M:3889:499,3889,Raghupriya III,satellite,D5,Sun,499,Major Locrian ♭26♭7,satellite,D5,Mars,true,modal:D5-satellite:7-6:2:3889:499,canonical_modal_edge_projected
M:3907:4001,3907,YUTian,satellite,D6,Sun,4001,Superlydian Augmented ♯2♯3♯45,satellite,D6,Mars,true,modal:D6-satellite:7-2:2:3907:4001,canonical_modal_edge_projected
M:3909:2001,3909,Superlydian Augmented ♮235♯4,anchor,D6,Sun,2001,Dominant +234,anchor,D6,Mars,true,modal:D6:3909:2001,canonical_modal_edge_projected
M:3913:1001,3913,Bonian,satellite,D5,Sun,1001,Lydian ♯2♯3♭67,satellite,D5,Mars,true,modal:D5-satellite:7-10:2:3913:1001,canonical_modal_edge_projected
M:3921:501,3921,Superlydian Augmented 23♯45,boundary,,,501,Major Locrian 6♭7,boundary,,,false,,unprojected_formal_modal_application
M:3937:251,3937,Scale 3937,boundary,,,251,Scale 251,boundary,,,false,,unprojected_formal_modal_application
M:3971:4033,3971,7-1 terminal cluster state 3971,anchor,D7,Sun,4033,7-1 terminal cluster state 4033,anchor,D7,Mars,true,modal:D7:3971:4033,canonical_modal_edge_projected
M:3973:2017,3973,Superlydian Augmented ♮25♯34,satellite,D6,Sun,2017,Dominant +34♯2,satellite,D6,Mars,true,modal:D6-satellite:7-2:1:3973:2017,canonical_modal_edge_projected
M:3977:1009,3977,Scale 3977,boundary,,,1009,7-3 rooted state 1009,boundary,,,false,,unprojected_formal_modal_application
M:3985:505,3985,7-3 rooted state 3985,boundary,,,505,7-3 rooted state 505,boundary,,,false,,unprojected_formal_modal_application
M:4001:253,4001,Superlydian Augmented ♯2♯3♯45,satellite,D6,Mars,253,Alt ♮25♭67,satellite,D6,Jupiter,true,modal:D6-satellite:7-2:2:4001:253,canonical_modal_edge_projected
M:4033:127,4033,7-1 terminal cluster state 4033,anchor,D7,Mars,127,7-1 terminal cluster state 127,anchor,D7,Jupiter,true,modal:D7:4033:127,canonical_modal_edge_projected
