"id","type","source_node_id","target_node_id","source_scale_id","target_scale_id","directed","governing","audit_tier","relation_tier","contact_tier","contact_office","phase_delta","phase_deltas_json","hamming","endpoint_hamming","mode","mutation","degree","degree_governor","eligible","selected","target_classification","evidence_count","evidence_role","unanimous","plurality","categorical","contact_tier_counts_json","provenance"
"boundary-contact:oriented_convergence:191:223:0","CONVERGENCE_CONTACT","scale:191","scale:223","191","223",true,false,"UNIVERSAL","boundary","D6","Jupiter","0",,"2",,"single_degree","5→6","6","Mercury",true,true,"oriented_convergence",,,,,,,"Universal boundary-family audit; relation generated from established office-bearing satellite"
"boundary-contact:oriented_convergence:445:223:1","CONVERGENCE_CONTACT","scale:445","scale:223","445","223",true,false,"UNIVERSAL","boundary","D3","Jupiter","1",,"2",,"root_phase","root 0→1; renormalize −1","1","Saturn",true,true,"oriented_convergence",,,,,,,"Universal boundary-family audit; relation generated from established office-bearing satellite"
"boundary-contact:oriented_convergence:253:251:0","CONVERGENCE_CONTACT","scale:253","scale:251","253","251",true,false,"UNIVERSAL","boundary","D6","Jupiter","0",,"2",,"single_degree","2→1","2","Jupiter",true,true,"oriented_convergence",,,,,,,"Universal boundary-family audit; relation generated from established office-bearing satellite"
"boundary-contact:oriented_convergence:379:251:0","CONVERGENCE_CONTACT","scale:379","scale:251","379","251",true,false,"UNIVERSAL","boundary","D3","Jupiter","0",,"2",,"single_degree","8→7","7","Moon",true,true,"oriented_convergence",,,,,,,"Universal boundary-family audit; relation generated from established office-bearing satellite"
"boundary-contact:oriented_convergence:191:319:0","CONVERGENCE_CONTACT","scale:191","scale:319","191","319",true,false,"UNIVERSAL","boundary","D6","Jupiter","0",,"2",,"single_degree","7→8","7","Moon",true,true,"oriented_convergence",,,,,,,"Universal boundary-family audit; relation generated from established office-bearing satellite"
"boundary-contact:oriented_convergence:637:319:1","CONVERGENCE_CONTACT","scale:637","scale:319","637","319",true,false,"UNIVERSAL","boundary","D5","Jupiter","1",,"2",,"root_phase","root 0→1; renormalize −1","1","Saturn",true,true,"oriented_convergence",,,,,,,"Universal boundary-family audit; relation generated from established office-bearing satellite"
"boundary-contact:oriented_convergence:415:351:0","CONVERGENCE_CONTACT","scale:415","scale:351","415","351",true,false,"UNIVERSAL","boundary","D5","Saturn","0",,"2",,"single_degree","7→6","6","Mercury",true,true,"oriented_convergence",,,,,,,"Universal boundary-family audit; relation generated from established office-bearing satellite"
"boundary-contact:oriented_convergence:607:351:0","CONVERGENCE_CONTACT","scale:607","scale:351","607","351",true,false,"UNIVERSAL","boundary","D5","Saturn","0",,"2",,"single_degree","9→8","7","Moon",true,true,"oriented_convergence",,,,,,,"Universal boundary-family audit; relation generated from established office-bearing satellite"
"boundary-contact:oriented_convergence:375:367:0","CONVERGENCE_CONTACT","scale:375","scale:367","375","367",true,false,"UNIVERSAL","boundary","D4","Venus","0",,"2",,"single_degree","4→3","4","Sun",true,true,"oriented_convergence",,,,,,,"Universal boundary-family audit; relation generated from established office-bearing satellite"
"boundary-contact:oriented_convergence:623:367:0","CONVERGENCE_CONTACT","scale:623","scale:367","623","367",true,false,"UNIVERSAL","boundary","D4","Venus","0",,"2",,"single_degree","9→8","7","Moon",true,true,"oriented_convergence",,,,,,,"Universal boundary-family audit; relation generated from established office-bearing satellite"
"boundary-contact:oriented_convergence:477:493:0","CONVERGENCE_CONTACT","scale:477","scale:493","477","493",true,false,"UNIVERSAL","boundary","D4","Mercury","0",,"2",,"single_degree","4→5","4","Sun",true,true,"oriented_convergence",,,,,,,"Universal boundary-family audit; relation generated from established office-bearing satellite"
"boundary-contact:oriented_convergence:985:493:1","CONVERGENCE_CONTACT","scale:985","scale:493","985","493",true,false,"UNIVERSAL","boundary","D4","Mercury","1",,"2",,"root_phase","root 0→1; renormalize −1","1","Saturn",true,true,"oriented_convergence",,,,,,,"Universal boundary-family audit; relation generated from established office-bearing satellite"
"boundary-contact:oriented_convergence:499:501:0","CONVERGENCE_CONTACT","scale:499","scale:501","499","501",true,false,"UNIVERSAL","boundary","D5","Mars","0",,"2",,"single_degree","1→2","2","Jupiter",true,true,"oriented_convergence",,,,,,,"Universal boundary-family audit; relation generated from established office-bearing satellite"
"boundary-contact:oriented_convergence:1001:501:1","CONVERGENCE_CONTACT","scale:1001","scale:501","1001","501",true,false,"UNIVERSAL","boundary","D5","Mars","1",,"2",,"root_phase","root 0→1; renormalize −1","1","Saturn",true,true,"oriented_convergence",,,,,,,"Universal boundary-family audit; relation generated from established office-bearing satellite"
"boundary-contact:oriented_convergence:253:505:-1","CONVERGENCE_CONTACT","scale:253","scale:505","253","505",true,false,"UNIVERSAL","boundary","D6","Jupiter","-1",,"2",,"root_phase","root 0→11; renormalize +1","1","Saturn",true,true,"oriented_convergence",,,,,,,"Universal boundary-family audit; relation generated from established office-bearing satellite"
"boundary-contact:oriented_convergence:761:505:0","CONVERGENCE_CONTACT","scale:761","scale:505","761","505",true,false,"UNIVERSAL","boundary","D5","Jupiter","0",,"2",,"single_degree","9→8","7","Moon",true,true,"oriented_convergence",,,,,,,"Universal boundary-family audit; relation generated from established office-bearing satellite"
"boundary-contact:oriented_convergence:607:575:0","CONVERGENCE_CONTACT","scale:607","scale:575","607","575",true,false,"UNIVERSAL","boundary","D5","Saturn","0",,"2",,"single_degree","6→5","6","Mercury",true,true,"oriented_convergence",,,,,,,"Universal boundary-family audit; relation generated from established office-bearing satellite"
"boundary-contact:oriented_convergence:1087:575:0","CONVERGENCE_CONTACT","scale:1087","scale:575","1087","575",true,false,"UNIVERSAL","boundary","D6","Saturn","0",,"2",,"single_degree","10→9","7","Moon",true,true,"oriented_convergence",,,,,,,"Universal boundary-family audit; relation generated from established office-bearing satellite"
"boundary-contact:oriented_convergence:445:701:0","CONVERGENCE_CONTACT","scale:445","scale:701","445","701",true,false,"UNIVERSAL","boundary","D3","Jupiter","0",,"2",,"single_degree","8→9","7","Moon",true,true,"oriented_convergence",,,,,,,"Universal boundary-family audit; relation generated from established office-bearing satellite"
"boundary-contact:oriented_convergence:637:701:0","CONVERGENCE_CONTACT","scale:637","scale:701","637","701",true,false,"UNIVERSAL","boundary","D5","Jupiter","0",,"2",,"single_degree","6→7","6","Mercury",true,true,"oriented_convergence",,,,,,,"Universal boundary-family audit; relation generated from established office-bearing satellite"
"boundary-contact:oriented_convergence:699:701:0","CONVERGENCE_CONTACT","scale:699","scale:701","699","701",true,false,"UNIVERSAL","boundary","A2","Jupiter","0",,"2",,"single_degree","1→2","2","Jupiter",true,true,"oriented_convergence",,,,,,,"Universal boundary-family audit; relation generated from established office-bearing satellite"
"boundary-contact:oriented_convergence:1401:701:1","CONVERGENCE_CONTACT","scale:1401","scale:701","1401","701",true,false,"UNIVERSAL","boundary","A2","Jupiter","1",,"2",,"root_phase","root 0→1; renormalize −1","1","Saturn",true,true,"oriented_convergence",,,,,,,"Universal boundary-family audit; relation generated from established office-bearing satellite"
"boundary-contact:oriented_convergence:499:755:0","CONVERGENCE_CONTACT","scale:499","scale:755","499","755",true,false,"UNIVERSAL","boundary","D5","Mars","0",,"2",,"single_degree","8→9","7","Moon",true,true,"oriented_convergence",,,,,,,"Universal boundary-family audit; relation generated from established office-bearing satellite"
"boundary-contact:oriented_convergence:747:755:0","CONVERGENCE_CONTACT","scale:747","scale:755","747","755",true,false,"UNIVERSAL","boundary","A2","Mars","0",,"2",,"single_degree","3→4","3","Mars",true,true,"oriented_convergence",,,,,,,"Universal boundary-family audit; relation generated from established office-bearing satellite"
"boundary-contact:oriented_convergence:1509:755:1","CONVERGENCE_CONTACT","scale:1509","scale:755","1509","755",true,false,"UNIVERSAL","boundary","A2","Mars","1",,"2",,"root_phase","root 0→1; renormalize −1","1","Saturn",true,true,"oriented_convergence",,,,,,,"Universal boundary-family audit; relation generated from established office-bearing satellite"
"boundary-contact:oriented_convergence:379:757:-1","CONVERGENCE_CONTACT","scale:379","scale:757","379","757",true,false,"UNIVERSAL","boundary","D3","Jupiter","-1",,"2",,"root_phase","root 0→11; renormalize +1","1","Saturn",true,true,"oriented_convergence",,,,,,,"Universal boundary-family audit; relation generated from established office-bearing satellite"
"boundary-contact:oriented_convergence:761:757:0","CONVERGENCE_CONTACT","scale:761","scale:757","761","757",true,false,"UNIVERSAL","boundary","D5","Jupiter","0",,"2",,"single_degree","3→2","2","Jupiter",true,true,"oriented_convergence",,,,,,,"Universal boundary-family audit; relation generated from established office-bearing satellite"
"boundary-contact:oriented_convergence:885:757:0","CONVERGENCE_CONTACT","scale:885","scale:757","885","757",true,false,"UNIVERSAL","boundary","A2","Jupiter","0",,"2",,"single_degree","8→7","6","Mercury",true,true,"oriented_convergence",,,,,,,"Universal boundary-family audit; relation generated from established office-bearing satellite"
"boundary-contact:oriented_convergence:1269:757:0","CONVERGENCE_CONTACT","scale:1269","scale:757","1269","757",true,false,"UNIVERSAL","boundary","A2","Jupiter","0",,"2",,"single_degree","10→9","7","Moon",true,true,"oriented_convergence",,,,,,,"Universal boundary-family audit; relation generated from established office-bearing satellite"
"boundary-contact:oriented_convergence:687:815:0","CONVERGENCE_CONTACT","scale:687","scale:815","687","815",true,false,"UNIVERSAL","boundary","A2","Saturn","0",,"2",,"single_degree","7→8","6","Mercury",true,true,"oriented_convergence",,,,,,,"Universal boundary-family audit; relation generated from established office-bearing satellite"
"boundary-contact:oriented_convergence:799:815:0","CONVERGENCE_CONTACT","scale:799","scale:815","799","815",true,false,"UNIVERSAL","boundary","D5","Saturn","0",,"2",,"single_degree","4→5","5","Venus",true,true,"oriented_convergence",,,,,,,"Universal boundary-family audit; relation generated from established office-bearing satellite"
"boundary-contact:oriented_convergence:1629:815:1","CONVERGENCE_CONTACT","scale:1629","scale:815","1629","815",true,false,"UNIVERSAL","boundary","A2","Saturn","1",,"2",,"root_phase","root 0→1; renormalize −1","1","Saturn",true,true,"oriented_convergence",,,,,,,"Universal boundary-family audit; relation generated from established office-bearing satellite"
"boundary-contact:oriented_convergence:415:829:-1","CONVERGENCE_CONTACT","scale:415","scale:829","415","829",true,false,"UNIVERSAL","boundary","D5","Saturn","-1",,"2",,"root_phase","root 0→11; renormalize +1","1","Saturn",true,true,"oriented_convergence",,,,,,,"Universal boundary-family audit; relation generated from established office-bearing satellite"
"boundary-contact:oriented_convergence:861:829:0","CONVERGENCE_CONTACT","scale:861","scale:829","861","829",true,false,"UNIVERSAL","boundary","A2","Saturn","0",,"2",,"single_degree","6→5","5","Venus",true,true,"oriented_convergence",,,,,,,"Universal boundary-family audit; relation generated from established office-bearing satellite"
"boundary-contact:oriented_convergence:1341:829:0","CONVERGENCE_CONTACT","scale:1341","scale:829","1341","829",true,false,"UNIVERSAL","boundary","A2","Saturn","0",,"2",,"single_degree","10→9","7","Moon",true,true,"oriented_convergence",,,,,,,"Universal boundary-family audit; relation generated from established office-bearing satellite"
"boundary-contact:oriented_convergence:981:979:0","CONVERGENCE_CONTACT","scale:981","scale:979","981","979",true,false,"UNIVERSAL","boundary","A2","Mars","0",,"2",,"single_degree","2→1","2","Jupiter",true,true,"oriented_convergence",,,,,,,"Universal boundary-family audit; relation generated from established office-bearing satellite"
"boundary-contact:oriented_convergence:995:979:0","CONVERGENCE_CONTACT","scale:995","scale:979","995","979",true,false,"UNIVERSAL","boundary","D5","Mars","0",,"2",,"single_degree","5→4","3","Mars",true,true,"oriented_convergence",,,,,,,"Universal boundary-family audit; relation generated from established office-bearing satellite"
"boundary-contact:oriented_convergence:1491:979:0","CONVERGENCE_CONTACT","scale:1491","scale:979","1491","979",true,false,"UNIVERSAL","boundary","A2","Mars","0",,"2",,"single_degree","10→9","7","Moon",true,true,"oriented_convergence",,,,,,,"Universal boundary-family audit; relation generated from established office-bearing satellite"
"boundary-contact:oriented_convergence:1001:1009:0","CONVERGENCE_CONTACT","scale:1001","scale:1009","1001","1009",true,false,"UNIVERSAL","boundary","D5","Mars","0",,"2",,"single_degree","3→4","2","Jupiter",true,true,"oriented_convergence",,,,,,,"Universal boundary-family audit; relation generated from established office-bearing satellite"
"boundary-contact:oriented_convergence:2017:1009:1","CONVERGENCE_CONTACT","scale:2017","scale:1009","2017","1009",true,false,"UNIVERSAL","boundary","D6","Mars","1",,"2",,"root_phase","root 0→1; renormalize −1","1","Saturn",true,true,"oriented_convergence",,,,,,,"Universal boundary-family audit; relation generated from established office-bearing satellite"
"boundary-contact:oriented_convergence:635:1147:0","CONVERGENCE_CONTACT","scale:635","scale:1147","635","1147",true,false,"UNIVERSAL","boundary","D4","Venus","0",,"2",,"single_degree","9→10","7","Moon",true,true,"oriented_convergence",,,,,,,"Universal boundary-family audit; relation generated from established office-bearing satellite"
"boundary-contact:oriented_convergence:1143:1147:0","CONVERGENCE_CONTACT","scale:1143","scale:1147","1143","1147",true,false,"UNIVERSAL","boundary","D4","Venus","0",,"2",,"single_degree","2→3","3","Mars",true,true,"oriented_convergence",,,,,,,"Universal boundary-family audit; relation generated from established office-bearing satellite"
"boundary-contact:oriented_convergence:637:1149:0","CONVERGENCE_CONTACT","scale:637","scale:1149","637","1149",true,false,"UNIVERSAL","boundary","D5","Jupiter","0",,"2",,"single_degree","9→10","7","Moon",true,true,"oriented_convergence",,,,,,,"Universal boundary-family audit; relation generated from established office-bearing satellite"
"boundary-contact:oriented_convergence:2297:1149:1","CONVERGENCE_CONTACT","scale:2297","scale:1149","2297","1149",true,false,"UNIVERSAL","boundary","D5","Jupiter","1",,"2",,"root_phase","root 0→1; renormalize −1","1","Saturn",true,true,"oriented_convergence",,,,,,,"Universal boundary-family audit; relation generated from established office-bearing satellite"
"boundary-contact:oriented_convergence:687:1199:0","CONVERGENCE_CONTACT","scale:687","scale:1199","687","1199",true,false,"UNIVERSAL","boundary","A2","Saturn","0",,"2",,"single_degree","9→10","7","Moon",true,true,"oriented_convergence",,,,,,,"Universal boundary-family audit; relation generated from established office-bearing satellite"
"boundary-contact:oriented_convergence:1135:1199:0","CONVERGENCE_CONTACT","scale:1135","scale:1199","1135","1199",true,false,"UNIVERSAL","boundary","D3","Saturn","0",,"2",,"single_degree","6→7","6","Mercury",true,true,"oriented_convergence",,,,,,,"Universal boundary-family audit; relation generated from established office-bearing satellite"
"boundary-contact:oriented_convergence:1183:1199:0","CONVERGENCE_CONTACT","scale:1183","scale:1199","1183","1199",true,false,"UNIVERSAL","boundary","D5","Saturn","0",,"2",,"single_degree","4→5","5","Venus",true,true,"oriented_convergence",,,,,,,"Universal boundary-family audit; relation generated from established office-bearing satellite"
"boundary-contact:oriented_convergence:2397:1199:1","CONVERGENCE_CONTACT","scale:2397","scale:1199","2397","1199",true,false,"UNIVERSAL","boundary","A2","Saturn","1",,"2",,"root_phase","root 0→1; renormalize −1","1","Saturn",true,true,"oriented_convergence",,,,,,,"Universal boundary-family audit; relation generated from established office-bearing satellite"
"boundary-contact:oriented_convergence:607:1213:-1","CONVERGENCE_CONTACT","scale:607","scale:1213","607","1213",true,false,"UNIVERSAL","boundary","D5","Saturn","-1",,"2",,"root_phase","root 0→11; renormalize +1","1","Saturn",true,true,"oriented_convergence",,,,,,,"Universal boundary-family audit; relation generated from established office-bearing satellite"
"boundary-contact:oriented_convergence:1245:1213:0","CONVERGENCE_CONTACT","scale:1245","scale:1213","1245","1213",true,false,"UNIVERSAL","boundary","A2","Saturn","0",,"2",,"single_degree","6→5","5","Venus",true,true,"oriented_convergence",,,,,,,"Universal boundary-family audit; relation generated from established office-bearing satellite"
"boundary-contact:oriented_convergence:1341:1213:0","CONVERGENCE_CONTACT","scale:1341","scale:1213","1341","1213",true,false,"UNIVERSAL","boundary","A2","Saturn","0",,"2",,"single_degree","8→7","6","Mercury",true,true,"oriented_convergence",,,,,,,"Universal boundary-family audit; relation generated from established office-bearing satellite"
"boundary-contact:oriented_convergence:2237:1213:0","CONVERGENCE_CONTACT","scale:2237","scale:1213","2237","1213",true,false,"UNIVERSAL","boundary","D3","Saturn","0",,"2",,"single_degree","11→10","7","Moon",true,true,"oriented_convergence",,,,,,,"Universal boundary-family audit; relation generated from established office-bearing satellite"
"boundary-contact:oriented_convergence:1239:1231:0","CONVERGENCE_CONTACT","scale:1239","scale:1231","1239","1231",true,false,"UNIVERSAL","boundary","A2","Moon","0",,"2",,"single_degree","4→3","4","Sun",true,true,"oriented_convergence",,,,,,,"Universal boundary-family audit; relation generated from established office-bearing satellite"
"boundary-contact:oriented_convergence:1359:1231:0","CONVERGENCE_CONTACT","scale:1359","scale:1231","1359","1231",true,false,"UNIVERSAL","boundary","A2","Moon","0",,"2",,"single_degree","8→7","6","Mercury",true,true,"oriented_convergence",,,,,,,"Universal boundary-family audit; relation generated from established office-bearing satellite"
"boundary-contact:oriented_convergence:2255:1231:0","CONVERGENCE_CONTACT","scale:2255","scale:1231","2255","1231",true,false,"UNIVERSAL","boundary","D5","Moon","0",,"2",,"single_degree","11→10","7","Moon",true,true,"oriented_convergence",,,,,,,"Universal boundary-family audit; relation generated from established office-bearing satellite"
"boundary-contact:oriented_convergence:799:1311:0","CONVERGENCE_CONTACT","scale:799","scale:1311","799","1311",true,false,"UNIVERSAL","boundary","D5","Saturn","0",,"2",,"single_degree","9→10","7","Moon",true,true,"oriented_convergence",,,,,,,"Universal boundary-family audit; relation generated from established office-bearing satellite"
"boundary-contact:oriented_convergence:1183:1311:0","CONVERGENCE_CONTACT","scale:1183","scale:1311","1183","1311",true,false,"UNIVERSAL","boundary","D5","Saturn","0",,"2",,"single_degree","7→8","6","Mercury",true,true,"oriented_convergence",,,,,,,"Universal boundary-family audit; relation generated from established office-bearing satellite"
"boundary-contact:oriented_convergence:1335:1327:0","CONVERGENCE_CONTACT","scale:1335","scale:1327","1335","1327",true,false,"UNIVERSAL","boundary","A2","Moon","0",,"2",,"single_degree","4→3","4","Sun",true,true,"oriented_convergence",,,,,,,"Universal boundary-family audit; relation generated from established office-bearing satellite"
"boundary-contact:oriented_convergence:1359:1327:0","CONVERGENCE_CONTACT","scale:1359","scale:1327","1359","1327",true,false,"UNIVERSAL","boundary","A2","Moon","0",,"2",,"single_degree","6→5","5","Venus",true,true,"oriented_convergence",,,,,,,"Universal boundary-family audit; relation generated from established office-bearing satellite"
"boundary-contact:oriented_convergence:1583:1327:0","CONVERGENCE_CONTACT","scale:1583","scale:1327","1583","1327",true,false,"UNIVERSAL","boundary","D3","Moon","0",,"2",,"single_degree","9→8","6","Mercury",true,true,"oriented_convergence",,,,,,,"Universal boundary-family audit; relation generated from established office-bearing satellite"
"boundary-contact:oriented_convergence:2351:1327:0","CONVERGENCE_CONTACT","scale:2351","scale:1327","2351","1327",true,false,"UNIVERSAL","boundary","D5","Moon","0",,"2",,"single_degree","11→10","7","Moon",true,true,"oriented_convergence",,,,,,,"Universal boundary-family audit; relation generated from established office-bearing satellite"
"boundary-contact:oriented_convergence:1001:1513:0","CONVERGENCE_CONTACT","scale:1001","scale:1513","1001","1513",true,false,"UNIVERSAL","boundary","D5","Mars","0",,"2",,"single_degree","9→10","7","Moon",true,true,"oriented_convergence",,,,,,,"Universal boundary-family audit; relation generated from established office-bearing satellite"
"boundary-contact:oriented_convergence:1497:1513:0","CONVERGENCE_CONTACT","scale:1497","scale:1513","1497","1513",true,false,"UNIVERSAL","boundary","A2","Mars","0",,"2",,"single_degree","4→5","3","Mars",true,true,"oriented_convergence",,,,,,,"Universal boundary-family audit; relation generated from established office-bearing satellite"
"boundary-contact:oriented_convergence:1509:1513:0","CONVERGENCE_CONTACT","scale:1509","scale:1513","1509","1513",true,false,"UNIVERSAL","boundary","A2","Mars","0",,"2",,"single_degree","2→3","2","Jupiter",true,true,"oriented_convergence",,,,,,,"Universal boundary-family audit; relation generated from established office-bearing satellite"
"boundary-contact:oriented_convergence:3025:1513:1","CONVERGENCE_CONTACT","scale:3025","scale:1513","3025","1513",true,false,"UNIVERSAL","boundary","D3","Mars","1",,"2",,"root_phase","root 0→1; renormalize −1","1","Saturn",true,true,"oriented_convergence",,,,,,,"Universal boundary-family audit; relation generated from established office-bearing satellite"
"boundary-contact:oriented_convergence:761:1521:-1","CONVERGENCE_CONTACT","scale:761","scale:1521","761","1521",true,false,"UNIVERSAL","boundary","D5","Jupiter","-1",,"2",,"root_phase","root 0→11; renormalize +1","1","Saturn",true,true,"oriented_convergence",,,,,,,"Universal boundary-family audit; relation generated from established office-bearing satellite"
"boundary-contact:oriented_convergence:2545:1521:0","CONVERGENCE_CONTACT","scale:2545","scale:1521","2545","1521",true,false,"UNIVERSAL","boundary","D5","Jupiter","0",,"2",,"single_degree","11→10","7","Moon",true,true,"oriented_convergence",,,,,,,"Universal boundary-family audit; relation generated from established office-bearing satellite"
"boundary-contact:oriented_convergence:1583:1567:0","CONVERGENCE_CONTACT","scale:1583","scale:1567","1583","1567",true,false,"UNIVERSAL","boundary","D3","Moon","0",,"2",,"single_degree","5→4","5","Venus",true,true,"oriented_convergence",,,,,,,"Universal boundary-family audit; relation generated from established office-bearing satellite"
"boundary-contact:oriented_convergence:2591:1567:0","CONVERGENCE_CONTACT","scale:2591","scale:1567","2591","1567",true,false,"UNIVERSAL","boundary","D6","Moon","0",,"2",,"single_degree","11→10","7","Moon",true,true,"oriented_convergence",,,,,,,"Universal boundary-family audit; relation generated from established office-bearing satellite"
"boundary-contact:oriented_convergence:1615:1679:0","CONVERGENCE_CONTACT","scale:1615","scale:1679","1615","1679",true,false,"UNIVERSAL","boundary","D4","Mars","0",,"2",,"single_degree","6→7","5","Venus",true,true,"oriented_convergence",,,,,,,"Universal boundary-family audit; relation generated from established office-bearing satellite"
"boundary-contact:oriented_convergence:3357:1679:1","CONVERGENCE_CONTACT","scale:3357","scale:1679","3357","1679",true,false,"UNIVERSAL","boundary","D4","Mars","1",,"2",,"root_phase","root 0→1; renormalize −1","1","Saturn",true,true,"oriented_convergence",,,,,,,"Universal boundary-family audit; relation generated from established office-bearing satellite"
"boundary-contact:oriented_convergence:889:1777:-1","CONVERGENCE_CONTACT","scale:889","scale:1777","889","1777",true,false,"UNIVERSAL","boundary","D4","Mercury","-1",,"2",,"root_phase","root 0→11; renormalize +1","1","Saturn",true,true,"oriented_convergence",,,,,,,"Universal boundary-family audit; relation generated from established office-bearing satellite"
"boundary-contact:oriented_convergence:1905:1777:0","CONVERGENCE_CONTACT","scale:1905","scale:1777","1905","1777",true,false,"UNIVERSAL","boundary","D4","Mercury","0",,"2",,"single_degree","8→7","5","Venus",true,true,"oriented_convergence",,,,,,,"Universal boundary-family audit; relation generated from established office-bearing satellite"
"boundary-contact:oriented_convergence:1939:1931:0","CONVERGENCE_CONTACT","scale:1939","scale:1931","1939","1931",true,false,"UNIVERSAL","boundary","D4","Saturn","0",,"2",,"single_degree","4→3","3","Mars",true,true,"oriented_convergence",,,,,,,"Universal boundary-family audit; relation generated from established office-bearing satellite"
"boundary-contact:oriented_convergence:2955:1931:0","CONVERGENCE_CONTACT","scale:2955","scale:1931","2955","1931",true,false,"UNIVERSAL","boundary","D4","Saturn","0",,"2",,"single_degree","11→10","7","Moon",true,true,"oriented_convergence",,,,,,,"Universal boundary-family audit; relation generated from established office-bearing satellite"
"boundary-contact:oriented_convergence:1881:1945:0","CONVERGENCE_CONTACT","scale:1881","scale:1945","1881","1945",true,false,"UNIVERSAL","boundary","A2","Sun","0",,"2",,"single_degree","6→7","4","Sun",true,true,"oriented_convergence",,,,,,,"Universal boundary-family audit; relation generated from established office-bearing satellite"
"boundary-contact:oriented_convergence:1941:1945:0","CONVERGENCE_CONTACT","scale:1941","scale:1945","1941","1945",true,false,"UNIVERSAL","boundary","A2","Sun","0",,"2",,"single_degree","2→3","2","Jupiter",true,true,"oriented_convergence",,,,,,,"Universal boundary-family audit; relation generated from established office-bearing satellite"
"boundary-contact:oriented_convergence:3889:1945:1","CONVERGENCE_CONTACT","scale:3889","scale:1945","3889","1945",true,false,"UNIVERSAL","boundary","D5","Sun","1",,"2",,"root_phase","root 0→1; renormalize −1","1","Saturn",true,true,"oriented_convergence",,,,,,,"Universal boundary-family audit; relation generated from established office-bearing satellite"
"boundary-contact:oriented_convergence:1893:1957:0","CONVERGENCE_CONTACT","scale:1893","scale:1957","1893","1957",true,false,"UNIVERSAL","boundary","A2","Sun","0",,"2",,"single_degree","6→7","4","Sun",true,true,"oriented_convergence",,,,,,,"Universal boundary-family audit; relation generated from established office-bearing satellite"
"boundary-contact:oriented_convergence:1941:1957:0","CONVERGENCE_CONTACT","scale:1941","scale:1957","1941","1957",true,false,"UNIVERSAL","boundary","A2","Sun","0",,"2",,"single_degree","4→5","3","Mars",true,true,"oriented_convergence",,,,,,,"Universal boundary-family audit; relation generated from established office-bearing satellite"
"boundary-contact:oriented_convergence:1955:1957:0","CONVERGENCE_CONTACT","scale:1955","scale:1957","1955","1957",true,false,"UNIVERSAL","boundary","D3","Sun","0",,"2",,"single_degree","1→2","2","Jupiter",true,true,"oriented_convergence",,,,,,,"Universal boundary-family audit; relation generated from established office-bearing satellite"
"boundary-contact:oriented_convergence:3913:1957:1","CONVERGENCE_CONTACT","scale:3913","scale:1957","3913","1957",true,false,"UNIVERSAL","boundary","D5","Sun","1",,"2",,"root_phase","root 0→1; renormalize −1","1","Saturn",true,true,"oriented_convergence",,,,,,,"Universal boundary-family audit; relation generated from established office-bearing satellite"
"boundary-contact:oriented_convergence:981:1961:-1","CONVERGENCE_CONTACT","scale:981","scale:1961","981","1961",true,false,"UNIVERSAL","boundary","A2","Mars","-1",,"2",,"root_phase","root 0→11; renormalize +1","1","Saturn",true,true,"oriented_convergence",,,,,,,"Universal boundary-family audit; relation generated from established office-bearing satellite"
"boundary-contact:oriented_convergence:1969:1961:0","CONVERGENCE_CONTACT","scale:1969","scale:1961","1969","1961",true,false,"UNIVERSAL","boundary","D3","Mars","0",,"2",,"single_degree","4→3","2","Jupiter",true,true,"oriented_convergence",,,,,,,"Universal boundary-family audit; relation generated from established office-bearing satellite"
"boundary-contact:oriented_convergence:1993:1961:0","CONVERGENCE_CONTACT","scale:1993","scale:1961","1993","1961",true,false,"UNIVERSAL","boundary","D5","Mars","0",,"2",,"single_degree","6→5","3","Mars",true,true,"oriented_convergence",,,,,,,"Universal boundary-family audit; relation generated from established office-bearing satellite"
"boundary-contact:oriented_convergence:2985:1961:0","CONVERGENCE_CONTACT","scale:2985","scale:1961","2985","1961",true,false,"UNIVERSAL","boundary","A2","Mars","0",,"2",,"single_degree","11→10","7","Moon",true,true,"oriented_convergence",,,,,,,"Universal boundary-family audit; relation generated from established office-bearing satellite"
"boundary-contact:oriented_convergence:1955:1987:0","CONVERGENCE_CONTACT","scale:1955","scale:1987","1955","1987",true,false,"UNIVERSAL","boundary","D3","Sun","0",,"2",,"single_degree","5→6","3","Mars",true,true,"oriented_convergence",,,,,,,"Universal boundary-family audit; relation generated from established office-bearing satellite"
"boundary-contact:oriented_convergence:3973:1987:1","CONVERGENCE_CONTACT","scale:3973","scale:1987","3973","1987",true,false,"UNIVERSAL","boundary","D6","Sun","1",,"2",,"root_phase","root 0→1; renormalize −1","1","Saturn",true,true,"oriented_convergence",,,,,,,"Universal boundary-family audit; relation generated from established office-bearing satellite"
"boundary-contact:oriented_convergence:995:1989:-1","CONVERGENCE_CONTACT","scale:995","scale:1989","995","1989",true,false,"UNIVERSAL","boundary","D5","Mars","-1",,"2",,"root_phase","root 0→11; renormalize +1","1","Saturn",true,true,"oriented_convergence",,,,,,,"Universal boundary-family audit; relation generated from established office-bearing satellite"
"boundary-contact:oriented_convergence:1993:1989:0","CONVERGENCE_CONTACT","scale:1993","scale:1989","1993","1989",true,false,"UNIVERSAL","boundary","D5","Mars","0",,"2",,"single_degree","3→2","2","Jupiter",true,true,"oriented_convergence",,,,,,,"Universal boundary-family audit; relation generated from established office-bearing satellite"
"boundary-contact:oriented_convergence:1135:2159:0","CONVERGENCE_CONTACT","scale:1135","scale:2159","1135","2159",true,false,"UNIVERSAL","boundary","D3","Saturn","0",,"2",,"single_degree","10→11","7","Moon",true,true,"oriented_convergence",,,,,,,"Universal boundary-family audit; relation generated from established office-bearing satellite"
"boundary-contact:oriented_convergence:2143:2159:0","CONVERGENCE_CONTACT","scale:2143","scale:2159","2143","2159",true,false,"UNIVERSAL","boundary","D6","Saturn","0",,"2",,"single_degree","4→5","5","Venus",true,true,"oriented_convergence",,,,,,,"Universal boundary-family audit; relation generated from established office-bearing satellite"
"boundary-contact:oriented_convergence:1087:2173:-1","CONVERGENCE_CONTACT","scale:1087","scale:2173","1087","2173",true,false,"UNIVERSAL","boundary","D6","Saturn","-1",,"2",,"root_phase","root 0→11; renormalize +1","1","Saturn",true,true,"oriented_convergence",,,,,,,"Universal boundary-family audit; relation generated from established office-bearing satellite"
"boundary-contact:oriented_convergence:2237:2173:0","CONVERGENCE_CONTACT","scale:2237","scale:2173","2237","2173",true,false,"UNIVERSAL","boundary","D3","Saturn","0",,"2",,"single_degree","7→6","6","Mercury",true,true,"oriented_convergence",,,,,,,"Universal boundary-family audit; relation generated from established office-bearing satellite"
"boundary-contact:oriented_convergence:1183:2207:0","CONVERGENCE_CONTACT","scale:1183","scale:2207","1183","2207",true,false,"UNIVERSAL","boundary","D5","Saturn","0",,"2",,"single_degree","10→11","7","Moon",true,true,"oriented_convergence",,,,,,,"Universal boundary-family audit; relation generated from established office-bearing satellite"
"boundary-contact:oriented_convergence:2143:2207:0","CONVERGENCE_CONTACT","scale:2143","scale:2207","2143","2207",true,false,"UNIVERSAL","boundary","D6","Saturn","0",,"2",,"single_degree","6→7","6","Mercury",true,true,"oriented_convergence",,,,,,,"Universal boundary-family audit; relation generated from established office-bearing satellite"
"boundary-contact:oriented_convergence:2255:2223:0","CONVERGENCE_CONTACT","scale:2255","scale:2223","2255","2223",true,false,"UNIVERSAL","boundary","D5","Moon","0",,"2",,"single_degree","6→5","5","Venus",true,true,"oriented_convergence",,,,,,,"Universal boundary-family audit; relation generated from established office-bearing satellite"
"boundary-contact:oriented_convergence:2351:2223:0","CONVERGENCE_CONTACT","scale:2351","scale:2223","2351","2223",true,false,"UNIVERSAL","boundary","D5","Moon","0",,"2",,"single_degree","8→7","6","Mercury",true,true,"oriented_convergence",,,,,,,"Universal boundary-family audit; relation generated from established office-bearing satellite"
"boundary-contact:oriented_convergence:2235:2231:0","CONVERGENCE_CONTACT","scale:2235","scale:2231","2235","2231",true,false,"UNIVERSAL","boundary","D4","Sun","0",,"2",,"single_degree","3→2","3","Mars",true,true,"oriented_convergence",,,,,,,"Universal boundary-family audit; relation generated from established office-bearing satellite"
"boundary-contact:oriented_convergence:2359:2231:0","CONVERGENCE_CONTACT","scale:2359","scale:2231","2359","2231",true,false,"UNIVERSAL","boundary","D4","Sun","0",,"2",,"single_degree","8→7","6","Mercury",true,true,"oriented_convergence",,,,,,,"Universal boundary-family audit; relation generated from established office-bearing satellite"
"boundary-contact:oriented_convergence:2351:2335:0","CONVERGENCE_CONTACT","scale:2351","scale:2335","2351","2335",true,false,"UNIVERSAL","boundary","D5","Moon","0",,"2",,"single_degree","5→4","5","Venus",true,true,"oriented_convergence",,,,,,,"Universal boundary-family audit; relation generated from established office-bearing satellite"
"boundary-contact:oriented_convergence:2591:2335:0","CONVERGENCE_CONTACT","scale:2591","scale:2335","2591","2335",true,false,"UNIVERSAL","boundary","D6","Moon","0",,"2",,"single_degree","9→8","6","Mercury",true,true,"oriented_convergence",,,,,,,"Universal boundary-family audit; relation generated from established office-bearing satellite"
"boundary-contact:oriented_convergence:1401:2425:0","CONVERGENCE_CONTACT","scale:1401","scale:2425","1401","2425",true,false,"UNIVERSAL","boundary","A2","Jupiter","0",,"2",,"single_degree","10→11","7","Moon",true,true,"oriented_convergence",,,,,,,"Universal boundary-family audit; relation generated from established office-bearing satellite"
"boundary-contact:oriented_convergence:2297:2425:0","CONVERGENCE_CONTACT","scale:2297","scale:2425","2297","2425",true,false,"UNIVERSAL","boundary","D5","Jupiter","0",,"2",,"single_degree","7→8","6","Mercury",true,true,"oriented_convergence",,,,,,,"Universal boundary-family audit; relation generated from established office-bearing satellite"
"boundary-contact:oriented_convergence:2421:2425:0","CONVERGENCE_CONTACT","scale:2421","scale:2425","2421","2425",true,false,"UNIVERSAL","boundary","A2","Jupiter","0",,"2",,"single_degree","2→3","2","Jupiter",true,true,"oriented_convergence",,,,,,,"Universal boundary-family audit; relation generated from established office-bearing satellite"
"boundary-contact:oriented_convergence:1431:2455:0","CONVERGENCE_CONTACT","scale:1431","scale:2455","1431","2455",true,false,"UNIVERSAL","boundary","A2","Moon","0",,"2",,"single_degree","10→11","7","Moon",true,true,"oriented_convergence",,,,,,,"Universal boundary-family audit; relation generated from established office-bearing satellite"
"boundary-contact:oriented_convergence:2391:2455:0","CONVERGENCE_CONTACT","scale:2391","scale:2455","2391","2455",true,false,"UNIVERSAL","boundary","A2","Moon","0",,"2",,"single_degree","6→7","5","Venus",true,true,"oriented_convergence",,,,,,,"Universal boundary-family audit; relation generated from established office-bearing satellite"
"boundary-contact:oriented_convergence:2447:2455:0","CONVERGENCE_CONTACT","scale:2447","scale:2455","2447","2455",true,false,"UNIVERSAL","boundary","D5","Moon","0",,"2",,"single_degree","3→4","4","Sun",true,true,"oriented_convergence",,,,,,,"Universal boundary-family audit; relation generated from established office-bearing satellite"
"boundary-contact:oriented_convergence:1269:2537:-1","CONVERGENCE_CONTACT","scale:1269","scale:2537","1269","2537",true,false,"UNIVERSAL","boundary","A2","Jupiter","-1",,"2",,"root_phase","root 0→11; renormalize +1","1","Saturn",true,true,"oriented_convergence",,,,,,,"Universal boundary-family audit; relation generated from established office-bearing satellite"
"boundary-contact:oriented_convergence:2545:2537:0","CONVERGENCE_CONTACT","scale:2545","scale:2537","2545","2537",true,false,"UNIVERSAL","boundary","D5","Jupiter","0",,"2",,"single_degree","4→3","2","Jupiter",true,true,"oriented_convergence",,,,,,,"Universal boundary-family audit; relation generated from established office-bearing satellite"
"boundary-contact:oriented_convergence:2793:2537:0","CONVERGENCE_CONTACT","scale:2793","scale:2537","2793","2537",true,false,"UNIVERSAL","boundary","A2","Jupiter","0",,"2",,"single_degree","9→8","6","Mercury",true,true,"oriented_convergence",,,,,,,"Universal boundary-family audit; relation generated from established office-bearing satellite"
"boundary-contact:oriented_convergence:2365:2621:0","CONVERGENCE_CONTACT","scale:2365","scale:2621","2365","2621",true,false,"UNIVERSAL","boundary","D4","Sun","0",,"2",,"single_degree","8→9","6","Mercury",true,true,"oriented_convergence",,,,,,,"Universal boundary-family audit; relation generated from established office-bearing satellite"
"boundary-contact:oriented_convergence:2619:2621:0","CONVERGENCE_CONTACT","scale:2619","scale:2621","2619","2621",true,false,"UNIVERSAL","boundary","D4","Sun","0",,"2",,"single_degree","1→2","2","Jupiter",true,true,"oriented_convergence",,,,,,,"Universal boundary-family audit; relation generated from established office-bearing satellite"
"boundary-contact:oriented_convergence:1623:2647:0","CONVERGENCE_CONTACT","scale:1623","scale:2647","1623","2647",true,false,"UNIVERSAL","boundary","A2","Moon","0",,"2",,"single_degree","10→11","7","Moon",true,true,"oriented_convergence",,,,,,,"Universal boundary-family audit; relation generated from established office-bearing satellite"
"boundary-contact:oriented_convergence:2391:2647:0","CONVERGENCE_CONTACT","scale:2391","scale:2647","2391","2647",true,false,"UNIVERSAL","boundary","A2","Moon","0",,"2",,"single_degree","8→9","6","Mercury",true,true,"oriented_convergence",,,,,,,"Universal boundary-family audit; relation generated from established office-bearing satellite"
"boundary-contact:oriented_convergence:2615:2647:0","CONVERGENCE_CONTACT","scale:2615","scale:2647","2615","2647",true,false,"UNIVERSAL","boundary","D3","Moon","0",,"2",,"single_degree","5→6","5","Venus",true,true,"oriented_convergence",,,,,,,"Universal boundary-family audit; relation generated from established office-bearing satellite"
"boundary-contact:oriented_convergence:2639:2647:0","CONVERGENCE_CONTACT","scale:2639","scale:2647","2639","2647",true,false,"UNIVERSAL","boundary","D5","Moon","0",,"2",,"single_degree","3→4","4","Sun",true,true,"oriented_convergence",,,,,,,"Universal boundary-family audit; relation generated from established office-bearing satellite"
"boundary-contact:oriented_convergence:2667:2663:0","CONVERGENCE_CONTACT","scale:2667","scale:2663","2667","2663",true,false,"UNIVERSAL","boundary","A2","Mercury","0",,"2",,"single_degree","3→2","3","Mars",true,true,"oriented_convergence",,,,,,,"Universal boundary-family audit; relation generated from established office-bearing satellite"
"boundary-contact:oriented_convergence:2727:2663:0","CONVERGENCE_CONTACT","scale:2727","scale:2663","2727","2663",true,false,"UNIVERSAL","boundary","A2","Mercury","0",,"2",,"single_degree","7→6","5","Venus",true,true,"oriented_convergence",,,,,,,"Universal boundary-family audit; relation generated from established office-bearing satellite"
"boundary-contact:oriented_convergence:3175:2663:0","CONVERGENCE_CONTACT","scale:3175","scale:2663","3175","2663",true,false,"UNIVERSAL","boundary","D5","Mercury","0",,"2",,"single_degree","10→9","6","Mercury",true,true,"oriented_convergence",,,,,,,"Universal boundary-family audit; relation generated from established office-bearing satellite"
"boundary-contact:oriented_convergence:2447:2703:0","CONVERGENCE_CONTACT","scale:2447","scale:2703","2447","2703",true,false,"UNIVERSAL","boundary","D5","Moon","0",,"2",,"single_degree","8→9","6","Mercury",true,true,"oriented_convergence",,,,,,,"Universal boundary-family audit; relation generated from established office-bearing satellite"
"boundary-contact:oriented_convergence:2639:2703:0","CONVERGENCE_CONTACT","scale:2639","scale:2703","2639","2703",true,false,"UNIVERSAL","boundary","D5","Moon","0",,"2",,"single_degree","6→7","5","Venus",true,true,"oriented_convergence",,,,,,,"Universal boundary-family audit; relation generated from established office-bearing satellite"
"boundary-contact:oriented_convergence:2715:2711:0","CONVERGENCE_CONTACT","scale:2715","scale:2711","2715","2711",true,false,"UNIVERSAL","boundary","A2","Mercury","0",,"2",,"single_degree","3→2","3","Mars",true,true,"oriented_convergence",,,,,,,"Universal boundary-family audit; relation generated from established office-bearing satellite"
"boundary-contact:oriented_convergence:2727:2711:0","CONVERGENCE_CONTACT","scale:2727","scale:2711","2727","2711",true,false,"UNIVERSAL","boundary","A2","Mercury","0",,"2",,"single_degree","5→4","4","Sun",true,true,"oriented_convergence",,,,,,,"Universal boundary-family audit; relation generated from established office-bearing satellite"
"boundary-contact:oriented_convergence:2839:2711:0","CONVERGENCE_CONTACT","scale:2839","scale:2711","2839","2711",true,false,"UNIVERSAL","boundary","D3","Mercury","0",,"2",,"single_degree","8→7","5","Venus",true,true,"oriented_convergence",,,,,,,"Universal boundary-family audit; relation generated from established office-bearing satellite"
"boundary-contact:oriented_convergence:3223:2711:0","CONVERGENCE_CONTACT","scale:3223","scale:2711","3223","2711",true,false,"UNIVERSAL","boundary","D5","Mercury","0",,"2",,"single_degree","10→9","6","Mercury",true,true,"oriented_convergence",,,,,,,"Universal boundary-family audit; relation generated from established office-bearing satellite"
"boundary-contact:oriented_convergence:2839:2831:0","CONVERGENCE_CONTACT","scale:2839","scale:2831","2839","2831",true,false,"UNIVERSAL","boundary","D3","Mercury","0",,"2",,"single_degree","4→3","4","Sun",true,true,"oriented_convergence",,,,,,,"Universal boundary-family audit; relation generated from established office-bearing satellite"
"boundary-contact:oriented_convergence:3343:2831:0","CONVERGENCE_CONTACT","scale:3343","scale:2831","3343","2831",true,false,"UNIVERSAL","boundary","D6","Mercury","0",,"2",,"single_degree","10→9","6","Mercury",true,true,"oriented_convergence",,,,,,,"Universal boundary-family audit; relation generated from established office-bearing satellite"
"boundary-contact:oriented_convergence:1863:2887:0","CONVERGENCE_CONTACT","scale:1863","scale:2887","1863","2887",true,false,"UNIVERSAL","boundary","D4","Jupiter","0",,"2",,"single_degree","10→11","7","Moon",true,true,"oriented_convergence",,,,,,,"Universal boundary-family audit; relation generated from established office-bearing satellite"
"boundary-contact:oriented_convergence:2855:2887:0","CONVERGENCE_CONTACT","scale:2855","scale:2887","2855","2887",true,false,"UNIVERSAL","boundary","D4","Jupiter","0",,"2",,"single_degree","5→6","4","Sun",true,true,"oriented_convergence",,,,,,,"Universal boundary-family audit; relation generated from established office-bearing satellite"
"boundary-contact:oriented_convergence:3017:3013:0","CONVERGENCE_CONTACT","scale:3017","scale:3013","3017","3013",true,false,"UNIVERSAL","boundary","D4","Moon","0",,"2",,"single_degree","3→2","2","Jupiter",true,true,"oriented_convergence",,,,,,,"Universal boundary-family audit; relation generated from established office-bearing satellite"
"boundary-contact:oriented_convergence:3525:3013:0","CONVERGENCE_CONTACT","scale:3525","scale:3013","3525","3013",true,false,"UNIVERSAL","boundary","D4","Moon","0",,"2",,"single_degree","10→9","6","Mercury",true,true,"oriented_convergence",,,,,,,"Universal boundary-family audit; relation generated from established office-bearing satellite"
"boundary-contact:oriented_convergence:2017:3041:0","CONVERGENCE_CONTACT","scale:2017","scale:3041","2017","3041",true,false,"UNIVERSAL","boundary","D6","Mars","0",,"2",,"single_degree","10→11","7","Moon",true,true,"oriented_convergence",,,,,,,"Universal boundary-family audit; relation generated from established office-bearing satellite"
"boundary-contact:oriented_convergence:3025:3041:0","CONVERGENCE_CONTACT","scale:3025","scale:3041","3025","3041",true,false,"UNIVERSAL","boundary","D3","Mars","0",,"2",,"single_degree","4→5","2","Jupiter",true,true,"oriented_convergence",,,,,,,"Universal boundary-family audit; relation generated from established office-bearing satellite"
"boundary-contact:oriented_convergence:2615:3127:0","CONVERGENCE_CONTACT","scale:2615","scale:3127","2615","3127",true,false,"UNIVERSAL","boundary","D3","Moon","0",,"2",,"single_degree","9→10","6","Mercury",true,true,"oriented_convergence",,,,,,,"Universal boundary-family audit; relation generated from established office-bearing satellite"
"boundary-contact:oriented_convergence:3119:3127:0","CONVERGENCE_CONTACT","scale:3119","scale:3127","3119","3127",true,false,"UNIVERSAL","boundary","D6","Moon","0",,"2",,"single_degree","3→4","4","Sun",true,true,"oriented_convergence",,,,,,,"Universal boundary-family audit; relation generated from established office-bearing satellite"
"boundary-contact:oriented_convergence:2639:3151:0","CONVERGENCE_CONTACT","scale:2639","scale:3151","2639","3151",true,false,"UNIVERSAL","boundary","D5","Moon","0",,"2",,"single_degree","9→10","6","Mercury",true,true,"oriented_convergence",,,,,,,"Universal boundary-family audit; relation generated from established office-bearing satellite"
"boundary-contact:oriented_convergence:3119:3151:0","CONVERGENCE_CONTACT","scale:3119","scale:3151","3119","3151",true,false,"UNIVERSAL","boundary","D6","Moon","0",,"2",,"single_degree","5→6","5","Venus",true,true,"oriented_convergence",,,,,,,"Universal boundary-family audit; relation generated from established office-bearing satellite"
"boundary-contact:oriented_convergence:3175:3159:0","CONVERGENCE_CONTACT","scale:3175","scale:3159","3175","3159",true,false,"UNIVERSAL","boundary","D5","Mercury","0",,"2",,"single_degree","5→4","4","Sun",true,true,"oriented_convergence",,,,,,,"Universal boundary-family audit; relation generated from established office-bearing satellite"
"boundary-contact:oriented_convergence:3223:3159:0","CONVERGENCE_CONTACT","scale:3223","scale:3159","3223","3159",true,false,"UNIVERSAL","boundary","D5","Mercury","0",,"2",,"single_degree","7→6","5","Venus",true,true,"oriented_convergence",,,,,,,"Universal boundary-family audit; relation generated from established office-bearing satellite"
"boundary-contact:oriented_convergence:3165:3163:0","CONVERGENCE_CONTACT","scale:3165","scale:3163","3165","3163",true,false,"UNIVERSAL","boundary","D4","Mars","0",,"2",,"single_degree","2→1","2","Jupiter",true,true,"oriented_convergence",,,,,,,"Universal boundary-family audit; relation generated from established office-bearing satellite"
"boundary-contact:oriented_convergence:3227:3163:0","CONVERGENCE_CONTACT","scale:3227","scale:3163","3227","3163",true,false,"UNIVERSAL","boundary","D4","Mars","0",,"2",,"single_degree","7→6","5","Venus",true,true,"oriented_convergence",,,,,,,"Universal boundary-family audit; relation generated from established office-bearing satellite"
"boundary-contact:oriented_convergence:3223:3215:0","CONVERGENCE_CONTACT","scale:3223","scale:3215","3223","3215",true,false,"UNIVERSAL","boundary","D5","Mercury","0",,"2",,"single_degree","4→3","4","Sun",true,true,"oriented_convergence",,,,,,,"Universal boundary-family audit; relation generated from established office-bearing satellite"
"boundary-contact:oriented_convergence:3343:3215:0","CONVERGENCE_CONTACT","scale:3343","scale:3215","3343","3215",true,false,"UNIVERSAL","boundary","D6","Mercury","0",,"2",,"single_degree","8→7","5","Venus",true,true,"oriented_convergence",,,,,,,"Universal boundary-family audit; relation generated from established office-bearing satellite"
"boundary-contact:oriented_convergence:2763:3275:0","CONVERGENCE_CONTACT","scale:2763","scale:3275","2763","3275",true,false,"UNIVERSAL","boundary","A2","Mercury","0",,"2",,"single_degree","9→10","6","Mercury",true,true,"oriented_convergence",,,,,,,"Universal boundary-family audit; relation generated from established office-bearing satellite"
"boundary-contact:oriented_convergence:3243:3275:0","CONVERGENCE_CONTACT","scale:3243","scale:3275","3243","3275",true,false,"UNIVERSAL","boundary","A2","Mercury","0",,"2",,"single_degree","5→6","4","Sun",true,true,"oriented_convergence",,,,,,,"Universal boundary-family audit; relation generated from established office-bearing satellite"
"boundary-contact:oriented_convergence:3271:3275:0","CONVERGENCE_CONTACT","scale:3271","scale:3275","3271","3275",true,false,"UNIVERSAL","boundary","D5","Mercury","0",,"2",,"single_degree","2→3","3","Mars",true,true,"oriented_convergence",,,,,,,"Universal boundary-family audit; relation generated from established office-bearing satellite"
"boundary-contact:oriented_convergence:2859:3371:0","CONVERGENCE_CONTACT","scale:2859","scale:3371","2859","3371",true,false,"UNIVERSAL","boundary","A2","Mercury","0",,"2",,"single_degree","9→10","6","Mercury",true,true,"oriented_convergence",,,,,,,"Universal boundary-family audit; relation generated from established office-bearing satellite"
"boundary-contact:oriented_convergence:3243:3371:0","CONVERGENCE_CONTACT","scale:3243","scale:3371","3243","3371",true,false,"UNIVERSAL","boundary","A2","Mercury","0",,"2",,"single_degree","7→8","5","Venus",true,true,"oriented_convergence",,,,,,,"Universal boundary-family audit; relation generated from established office-bearing satellite"
"boundary-contact:oriented_convergence:3355:3371:0","CONVERGENCE_CONTACT","scale:3355","scale:3371","3355","3371",true,false,"UNIVERSAL","boundary","D3","Mercury","0",,"2",,"single_degree","4→5","4","Sun",true,true,"oriented_convergence",,,,,,,"Universal boundary-family audit; relation generated from established office-bearing satellite"
"boundary-contact:oriented_convergence:3367:3371:0","CONVERGENCE_CONTACT","scale:3367","scale:3371","3367","3371",true,false,"UNIVERSAL","boundary","D5","Mercury","0",,"2",,"single_degree","2→3","3","Mars",true,true,"oriented_convergence",,,,,,,"Universal boundary-family audit; relation generated from established office-bearing satellite"
"boundary-contact:oriented_convergence:3381:3379:0","CONVERGENCE_CONTACT","scale:3381","scale:3379","3381","3379",true,false,"UNIVERSAL","boundary","A2","Venus","0",,"2",,"single_degree","2→1","2","Jupiter",true,true,"oriented_convergence",,,,,,,"Universal boundary-family audit; relation generated from established office-bearing satellite"
"boundary-contact:oriented_convergence:3411:3379:0","CONVERGENCE_CONTACT","scale:3411","scale:3379","3411","3379",true,false,"UNIVERSAL","boundary","A2","Venus","0",,"2",,"single_degree","6→5","4","Sun",true,true,"oriented_convergence",,,,,,,"Universal boundary-family audit; relation generated from established office-bearing satellite"
"boundary-contact:oriented_convergence:3635:3379:0","CONVERGENCE_CONTACT","scale:3635","scale:3379","3635","3379",true,false,"UNIVERSAL","boundary","D5","Venus","0",,"2",,"single_degree","9→8","5","Venus",true,true,"oriented_convergence",,,,,,,"Universal boundary-family audit; relation generated from established office-bearing satellite"
"boundary-contact:oriented_convergence:3271:3399:0","CONVERGENCE_CONTACT","scale:3271","scale:3399","3271","3399",true,false,"UNIVERSAL","boundary","D5","Mercury","0",,"2",,"single_degree","7→8","5","Venus",true,true,"oriented_convergence",,,,,,,"Universal boundary-family audit; relation generated from established office-bearing satellite"
"boundary-contact:oriented_convergence:3367:3399:0","CONVERGENCE_CONTACT","scale:3367","scale:3399","3367","3399",true,false,"UNIVERSAL","boundary","D5","Mercury","0",,"2",,"single_degree","5→6","4","Sun",true,true,"oriented_convergence",,,,,,,"Universal boundary-family audit; relation generated from established office-bearing satellite"
"boundary-contact:oriented_convergence:3405:3403:0","CONVERGENCE_CONTACT","scale:3405","scale:3403","3405","3403",true,false,"UNIVERSAL","boundary","A2","Venus","0",,"2",,"single_degree","2→1","2","Jupiter",true,true,"oriented_convergence",,,,,,,"Universal boundary-family audit; relation generated from established office-bearing satellite"
"boundary-contact:oriented_convergence:3411:3403:0","CONVERGENCE_CONTACT","scale:3411","scale:3403","3411","3403",true,false,"UNIVERSAL","boundary","A2","Venus","0",,"2",,"single_degree","4→3","3","Mars",true,true,"oriented_convergence",,,,,,,"Universal boundary-family audit; relation generated from established office-bearing satellite"
"boundary-contact:oriented_convergence:3467:3403:0","CONVERGENCE_CONTACT","scale:3467","scale:3403","3467","3403",true,false,"UNIVERSAL","boundary","D3","Venus","0",,"2",,"single_degree","7→6","4","Sun",true,true,"oriented_convergence",,,,,,,"Universal boundary-family audit; relation generated from established office-bearing satellite"
"boundary-contact:oriented_convergence:3659:3403:0","CONVERGENCE_CONTACT","scale:3659","scale:3403","3659","3403",true,false,"UNIVERSAL","boundary","D5","Venus","0",,"2",,"single_degree","9→8","5","Venus",true,true,"oriented_convergence",,,,,,,"Universal boundary-family audit; relation generated from established office-bearing satellite"
"boundary-contact:oriented_convergence:3467:3463:0","CONVERGENCE_CONTACT","scale:3467","scale:3463","3467","3463",true,false,"UNIVERSAL","boundary","D3","Venus","0",,"2",,"single_degree","3→2","3","Mars",true,true,"oriented_convergence",,,,,,,"Universal boundary-family audit; relation generated from established office-bearing satellite"
"boundary-contact:oriented_convergence:3719:3463:0","CONVERGENCE_CONTACT","scale:3719","scale:3463","3719","3463",true,false,"UNIVERSAL","boundary","D6","Venus","0",,"2",,"single_degree","9→8","5","Venus",true,true,"oriented_convergence",,,,,,,"Universal boundary-family audit; relation generated from established office-bearing satellite"
"boundary-contact:oriented_convergence:2979:3491:0","CONVERGENCE_CONTACT","scale:2979","scale:3491","2979","3491",true,false,"UNIVERSAL","boundary","D4","Saturn","0",,"2",,"single_degree","9→10","6","Mercury",true,true,"oriented_convergence",,,,,,,"Universal boundary-family audit; relation generated from established office-bearing satellite"
"boundary-contact:oriented_convergence:3475:3491:0","CONVERGENCE_CONTACT","scale:3475","scale:3491","3475","3491",true,false,"UNIVERSAL","boundary","D4","Saturn","0",,"2",,"single_degree","4→5","3","Mars",true,true,"oriented_convergence",,,,,,,"Universal boundary-family audit; relation generated from established office-bearing satellite"
"boundary-contact:oriented_convergence:3355:3611:0","CONVERGENCE_CONTACT","scale:3355","scale:3611","3355","3611",true,false,"UNIVERSAL","boundary","D3","Mercury","0",,"2",,"single_degree","8→9","5","Venus",true,true,"oriented_convergence",,,,,,,"Universal boundary-family audit; relation generated from established office-bearing satellite"
"boundary-contact:oriented_convergence:3607:3611:0","CONVERGENCE_CONTACT","scale:3607","scale:3611","3607","3611",true,false,"UNIVERSAL","boundary","D6","Mercury","0",,"2",,"single_degree","2→3","3","Mars",true,true,"oriented_convergence",,,,,,,"Universal boundary-family audit; relation generated from established office-bearing satellite"
"boundary-contact:oriented_convergence:3367:3623:0","CONVERGENCE_CONTACT","scale:3367","scale:3623","3367","3623",true,false,"UNIVERSAL","boundary","D5","Mercury","0",,"2",,"single_degree","8→9","5","Venus",true,true,"oriented_convergence",,,,,,,"Universal boundary-family audit; relation generated from established office-bearing satellite"
"boundary-contact:oriented_convergence:3607:3623:0","CONVERGENCE_CONTACT","scale:3607","scale:3623","3607","3623",true,false,"UNIVERSAL","boundary","D6","Mercury","0",,"2",,"single_degree","4→5","4","Sun",true,true,"oriented_convergence",,,,,,,"Universal boundary-family audit; relation generated from established office-bearing satellite"
"boundary-contact:oriented_convergence:3635:3627:0","CONVERGENCE_CONTACT","scale:3635","scale:3627","3635","3627",true,false,"UNIVERSAL","boundary","D5","Venus","0",,"2",,"single_degree","4→3","3","Mars",true,true,"oriented_convergence",,,,,,,"Universal boundary-family audit; relation generated from established office-bearing satellite"
"boundary-contact:oriented_convergence:3659:3627:0","CONVERGENCE_CONTACT","scale:3659","scale:3627","3659","3627",true,false,"UNIVERSAL","boundary","D5","Venus","0",,"2",,"single_degree","6→5","4","Sun",true,true,"oriented_convergence",,,,,,,"Universal boundary-family audit; relation generated from established office-bearing satellite"
"boundary-contact:oriented_convergence:1815:3629:-1","CONVERGENCE_CONTACT","scale:1815","scale:3629","1815","3629",true,false,"UNIVERSAL","boundary","D4","Jupiter","-1",,"2",,"root_phase","root 0→11; renormalize +1","1","Saturn",true,true,"oriented_convergence",,,,,,,"Universal boundary-family audit; relation generated from established office-bearing satellite"
"boundary-contact:oriented_convergence:3661:3629:0","CONVERGENCE_CONTACT","scale:3661","scale:3629","3661","3629",true,false,"UNIVERSAL","boundary","D4","Jupiter","0",,"2",,"single_degree","6→5","4","Sun",true,true,"oriented_convergence",,,,,,,"Universal boundary-family audit; relation generated from established office-bearing satellite"
"boundary-contact:oriented_convergence:3659:3655:0","CONVERGENCE_CONTACT","scale:3659","scale:3655","3659","3655",true,false,"UNIVERSAL","boundary","D5","Venus","0",,"2",,"single_degree","3→2","3","Mars",true,true,"oriented_convergence",,,,,,,"Universal boundary-family audit; relation generated from established office-bearing satellite"
"boundary-contact:oriented_convergence:3719:3655:0","CONVERGENCE_CONTACT","scale:3719","scale:3655","3719","3655",true,false,"UNIVERSAL","boundary","D6","Venus","0",,"2",,"single_degree","7→6","4","Sun",true,true,"oriented_convergence",,,,,,,"Universal boundary-family audit; relation generated from established office-bearing satellite"
"boundary-contact:oriented_convergence:3429:3685:0","CONVERGENCE_CONTACT","scale:3429","scale:3685","3429","3685",true,false,"UNIVERSAL","boundary","A2","Venus","0",,"2",,"single_degree","8→9","5","Venus",true,true,"oriented_convergence",,,,,,,"Universal boundary-family audit; relation generated from established office-bearing satellite"
"boundary-contact:oriented_convergence:3669:3685:0","CONVERGENCE_CONTACT","scale:3669","scale:3685","3669","3685",true,false,"UNIVERSAL","boundary","A2","Venus","0",,"2",,"single_degree","4→5","3","Mars",true,true,"oriented_convergence",,,,,,,"Universal boundary-family audit; relation generated from established office-bearing satellite"
"boundary-contact:oriented_convergence:3683:3685:0","CONVERGENCE_CONTACT","scale:3683","scale:3685","3683","3685",true,false,"UNIVERSAL","boundary","D5","Venus","0",,"2",,"single_degree","1→2","2","Jupiter",true,true,"oriented_convergence",,,,,,,"Universal boundary-family audit; relation generated from established office-bearing satellite"
"boundary-contact:oriented_convergence:3477:3733:0","CONVERGENCE_CONTACT","scale:3477","scale:3733","3477","3733",true,false,"UNIVERSAL","boundary","A2","Venus","0",,"2",,"single_degree","8→9","5","Venus",true,true,"oriented_convergence",,,,,,,"Universal boundary-family audit; relation generated from established office-bearing satellite"
"boundary-contact:oriented_convergence:3669:3733:0","CONVERGENCE_CONTACT","scale:3669","scale:3733","3669","3733",true,false,"UNIVERSAL","boundary","A2","Venus","0",,"2",,"single_degree","6→7","4","Sun",true,true,"oriented_convergence",,,,,,,"Universal boundary-family audit; relation generated from established office-bearing satellite"
"boundary-contact:oriented_convergence:3725:3733:0","CONVERGENCE_CONTACT","scale:3725","scale:3733","3725","3733",true,false,"UNIVERSAL","boundary","D3","Venus","0",,"2",,"single_degree","3→4","3","Mars",true,true,"oriented_convergence",,,,,,,"Universal boundary-family audit; relation generated from established office-bearing satellite"
"boundary-contact:oriented_convergence:3731:3733:0","CONVERGENCE_CONTACT","scale:3731","scale:3733","3731","3733",true,false,"UNIVERSAL","boundary","D5","Venus","0",,"2",,"single_degree","1→2","2","Jupiter",true,true,"oriented_convergence",,,,,,,"Universal boundary-family audit; relation generated from established office-bearing satellite"
"boundary-contact:oriented_convergence:1869:3737:-1","CONVERGENCE_CONTACT","scale:1869","scale:3737","1869","3737",true,false,"UNIVERSAL","boundary","A2","Sun","-1",,"2",,"root_phase","root 0→11; renormalize +1","1","Saturn",true,true,"oriented_convergence",,,,,,,"Universal boundary-family audit; relation generated from established office-bearing satellite"
"boundary-contact:oriented_convergence:3753:3737:0","CONVERGENCE_CONTACT","scale:3753","scale:3737","3753","3737",true,false,"UNIVERSAL","boundary","A2","Sun","0",,"2",,"single_degree","5→4","3","Mars",true,true,"oriented_convergence",,,,,,,"Universal boundary-family audit; relation generated from established office-bearing satellite"
"boundary-contact:oriented_convergence:3865:3737:0","CONVERGENCE_CONTACT","scale:3865","scale:3737","3865","3737",true,false,"UNIVERSAL","boundary","D5","Sun","0",,"2",,"single_degree","8→7","4","Sun",true,true,"oriented_convergence",,,,,,,"Universal boundary-family audit; relation generated from established office-bearing satellite"
"boundary-contact:oriented_convergence:3683:3747:0","CONVERGENCE_CONTACT","scale:3683","scale:3747","3683","3747",true,false,"UNIVERSAL","boundary","D5","Venus","0",,"2",,"single_degree","6→7","4","Sun",true,true,"oriented_convergence",,,,,,,"Universal boundary-family audit; relation generated from established office-bearing satellite"
"boundary-contact:oriented_convergence:3731:3747:0","CONVERGENCE_CONTACT","scale:3731","scale:3747","3731","3747",true,false,"UNIVERSAL","boundary","D5","Venus","0",,"2",,"single_degree","4→5","3","Mars",true,true,"oriented_convergence",,,,,,,"Universal boundary-family audit; relation generated from established office-bearing satellite"
"boundary-contact:oriented_convergence:1875:3749:-1","CONVERGENCE_CONTACT","scale:1875","scale:3749","1875","3749",true,false,"UNIVERSAL","boundary","A2","Sun","-1",,"2",,"root_phase","root 0→11; renormalize +1","1","Saturn",true,true,"oriented_convergence",,,,,,,"Universal boundary-family audit; relation generated from established office-bearing satellite"
"boundary-contact:oriented_convergence:3753:3749:0","CONVERGENCE_CONTACT","scale:3753","scale:3749","3753","3749",true,false,"UNIVERSAL","boundary","A2","Sun","0",,"2",,"single_degree","3→2","2","Jupiter",true,true,"oriented_convergence",,,,,,,"Universal boundary-family audit; relation generated from established office-bearing satellite"
"boundary-contact:oriented_convergence:3781:3749:0","CONVERGENCE_CONTACT","scale:3781","scale:3749","3781","3749",true,false,"UNIVERSAL","boundary","D3","Sun","0",,"2",,"single_degree","6→5","3","Mars",true,true,"oriented_convergence",,,,,,,"Universal boundary-family audit; relation generated from established office-bearing satellite"
"boundary-contact:oriented_convergence:3877:3749:0","CONVERGENCE_CONTACT","scale:3877","scale:3749","3877","3749",true,false,"UNIVERSAL","boundary","D5","Sun","0",,"2",,"single_degree","8→7","4","Sun",true,true,"oriented_convergence",,,,,,,"Universal boundary-family audit; relation generated from established office-bearing satellite"
"boundary-contact:oriented_convergence:3781:3779:0","CONVERGENCE_CONTACT","scale:3781","scale:3779","3781","3779",true,false,"UNIVERSAL","boundary","D3","Sun","0",,"2",,"single_degree","2→1","2","Jupiter",true,true,"oriented_convergence",,,,,,,"Universal boundary-family audit; relation generated from established office-bearing satellite"
"boundary-contact:oriented_convergence:3907:3779:0","CONVERGENCE_CONTACT","scale:3907","scale:3779","3907","3779",true,false,"UNIVERSAL","boundary","D6","Sun","0",,"2",,"single_degree","8→7","4","Sun",true,true,"oriented_convergence",,,,,,,"Universal boundary-family audit; relation generated from established office-bearing satellite"
"boundary-contact:oriented_convergence:3537:3793:0","CONVERGENCE_CONTACT","scale:3537","scale:3793","3537","3793",true,false,"UNIVERSAL","boundary","D4","Moon","0",,"2",,"single_degree","8→9","5","Venus",true,true,"oriented_convergence",,,,,,,"Universal boundary-family audit; relation generated from established office-bearing satellite"
"boundary-contact:oriented_convergence:3785:3793:0","CONVERGENCE_CONTACT","scale:3785","scale:3793","3785","3793",true,false,"UNIVERSAL","boundary","D4","Moon","0",,"2",,"single_degree","3→4","2","Jupiter",true,true,"oriented_convergence",,,,,,,"Universal boundary-family audit; relation generated from established office-bearing satellite"
"boundary-contact:oriented_convergence:3725:3853:0","CONVERGENCE_CONTACT","scale:3725","scale:3853","3725","3853",true,false,"UNIVERSAL","boundary","D3","Venus","0",,"2",,"single_degree","7→8","4","Sun",true,true,"oriented_convergence",,,,,,,"Universal boundary-family audit; relation generated from established office-bearing satellite"
"boundary-contact:oriented_convergence:3851:3853:0","CONVERGENCE_CONTACT","scale:3851","scale:3853","3851","3853",true,false,"UNIVERSAL","boundary","D6","Venus","0",,"2",,"single_degree","1→2","2","Jupiter",true,true,"oriented_convergence",,,,,,,"Universal boundary-family audit; relation generated from established office-bearing satellite"
"boundary-contact:oriented_convergence:3731:3859:0","CONVERGENCE_CONTACT","scale:3731","scale:3859","3731","3859",true,false,"UNIVERSAL","boundary","D5","Venus","0",,"2",,"single_degree","7→8","4","Sun",true,true,"oriented_convergence",,,,,,,"Universal boundary-family audit; relation generated from established office-bearing satellite"
"boundary-contact:oriented_convergence:3851:3859:0","CONVERGENCE_CONTACT","scale:3851","scale:3859","3851","3859",true,false,"UNIVERSAL","boundary","D6","Venus","0",,"2",,"single_degree","3→4","3","Mars",true,true,"oriented_convergence",,,,,,,"Universal boundary-family audit; relation generated from established office-bearing satellite"
"boundary-contact:oriented_convergence:3865:3861:0","CONVERGENCE_CONTACT","scale:3865","scale:3861","3865","3861",true,false,"UNIVERSAL","boundary","D5","Sun","0",,"2",,"single_degree","3→2","2","Jupiter",true,true,"oriented_convergence",,,,,,,"Universal boundary-family audit; relation generated from established office-bearing satellite"
"boundary-contact:oriented_convergence:3877:3861:0","CONVERGENCE_CONTACT","scale:3877","scale:3861","3877","3861",true,false,"UNIVERSAL","boundary","D5","Sun","0",,"2",,"single_degree","5→4","3","Mars",true,true,"oriented_convergence",,,,,,,"Universal boundary-family audit; relation generated from established office-bearing satellite"
"boundary-contact:oriented_convergence:3877:3875:0","CONVERGENCE_CONTACT","scale:3877","scale:3875","3877","3875",true,false,"UNIVERSAL","boundary","D5","Sun","0",,"2",,"single_degree","2→1","2","Jupiter",true,true,"oriented_convergence",,,,,,,"Universal boundary-family audit; relation generated from established office-bearing satellite"
"boundary-contact:oriented_convergence:3907:3875:0","CONVERGENCE_CONTACT","scale:3907","scale:3875","3907","3875",true,false,"UNIVERSAL","boundary","D6","Sun","0",,"2",,"single_degree","6→5","3","Mars",true,true,"oriented_convergence",,,,,,,"Universal boundary-family audit; relation generated from established office-bearing satellite"
"boundary-contact:oriented_convergence:3889:3921:0","CONVERGENCE_CONTACT","scale:3889","scale:3921","3889","3921",true,false,"UNIVERSAL","boundary","D5","Sun","0",,"2",,"single_degree","5→6","3","Mars",true,true,"oriented_convergence",,,,,,,"Universal boundary-family audit; relation generated from established office-bearing satellite"
"boundary-contact:oriented_convergence:3913:3921:0","CONVERGENCE_CONTACT","scale:3913","scale:3921","3913","3921",true,false,"UNIVERSAL","boundary","D5","Sun","0",,"2",,"single_degree","3→4","2","Jupiter",true,true,"oriented_convergence",,,,,,,"Universal boundary-family audit; relation generated from established office-bearing satellite"
"boundary-contact:oriented_convergence:1969:3937:-1","CONVERGENCE_CONTACT","scale:1969","scale:3937","1969","3937",true,false,"UNIVERSAL","boundary","D3","Mars","-1",,"2",,"root_phase","root 0→11; renormalize +1","1","Saturn",true,true,"oriented_convergence",,,,,,,"Universal boundary-family audit; relation generated from established office-bearing satellite"
"boundary-contact:oriented_convergence:4001:3937:0","CONVERGENCE_CONTACT","scale:4001","scale:3937","4001","3937",true,false,"UNIVERSAL","boundary","D6","Mars","0",,"2",,"single_degree","7→6","3","Mars",true,true,"oriented_convergence",,,,,,,"Universal boundary-family audit; relation generated from established office-bearing satellite"
"boundary-contact:oriented_convergence:3913:3977:0","CONVERGENCE_CONTACT","scale:3913","scale:3977","3913","3977",true,false,"UNIVERSAL","boundary","D5","Sun","0",,"2",,"single_degree","6→7","3","Mars",true,true,"oriented_convergence",,,,,,,"Universal boundary-family audit; relation generated from established office-bearing satellite"
"boundary-contact:oriented_convergence:3973:3977:0","CONVERGENCE_CONTACT","scale:3973","scale:3977","3973","3977",true,false,"UNIVERSAL","boundary","D6","Sun","0",,"2",,"single_degree","2→3","2","Jupiter",true,true,"oriented_convergence",,,,,,,"Universal boundary-family audit; relation generated from established office-bearing satellite"
"boundary-contact:oriented_convergence:1993:3985:-1","CONVERGENCE_CONTACT","scale:1993","scale:3985","1993","3985",true,false,"UNIVERSAL","boundary","D5","Mars","-1",,"2",,"root_phase","root 0→11; renormalize +1","1","Saturn",true,true,"oriented_convergence",,,,,,,"Universal boundary-family audit; relation generated from established office-bearing satellite"
"boundary-contact:oriented_convergence:4001:3985:0","CONVERGENCE_CONTACT","scale:4001","scale:3985","4001","3985",true,false,"UNIVERSAL","boundary","D6","Mars","0",,"2",,"single_degree","5→4","2","Jupiter",true,true,"oriented_convergence",,,,,,,"Universal boundary-family audit; relation generated from established office-bearing satellite"
