feature_id:ID(FeatureDefinition),release_id,label,layer,epistemic_class,data_type,unit,operator_scope,domain_scope:string[],description,source_json,:LABEL
physical.wavelength_nm,canonical-profile-registry:0.1.1,Representative wavelength,physical,framework_declared_physical_anchor,number,nm,office,all,Representative optical wavelength assigned to a Governor office. It is not caused by musical mutation.,"{""artifact"":""source/framework/CANONICAL_FEATURE_PROFILES_AND_MUTATION_ALGEBRA.md"",""authority"":""framework_specification""}",FeatureDefinition
physical.frequency_hz,canonical-profile-registry:0.1.1,Optical frequency,physical,physically_derived,number,Hz,office,all,Vacuum frequency c/λ derived from the representative wavelength.,"{""artifact"":""scripts/build-registry.mjs"",""authority"":""physically_derived_from_framework_anchor"",""formula"":""See photonic-records.json calculation policy.""}",FeatureDefinition
physical.photon_energy_j,canonical-profile-registry:0.1.1,Photon energy,physical,physically_derived,number,J,office,all,Single-photon energy hν derived from the representative wavelength.,"{""artifact"":""scripts/build-registry.mjs"",""authority"":""physically_derived_from_framework_anchor"",""formula"":""See photonic-records.json calculation policy.""}",FeatureDefinition
physical.photon_energy_ev,canonical-profile-registry:0.1.1,Photon energy,physical,physically_derived,number,eV,office,all,Single-photon energy expressed in electron-volts.,"{""artifact"":""scripts/build-registry.mjs"",""authority"":""physically_derived_from_framework_anchor"",""formula"":""See photonic-records.json calculation policy.""}",FeatureDefinition
physical.C_P,canonical-profile-registry:0.1.1,Photonic compression coordinate,physical,physical_anchor_plus_normalization_convention,number,normalized_inverse_wavelength,office,all,"Inverse-wavelength coordinate normalized across the seven declared office anchors. Sun=0 and Saturn=1 are a registry coordinate convention, not absolute physical endpoints.","{""artifact"":""scripts/build-registry.mjs"",""authority"":""physically_derived_from_framework_anchor"",""formula"":""See photonic-records.json calculation policy.""}",FeatureDefinition
harmonic.canonical_scale_state,canonical-profile-registry:0.1.1,Canonical scale state,harmonic,formally_audited,integer,,state,all,Rooted scale-state identifier of the canonical A0 office anchor.,"{""artifact"":""source/framework/CANONICAL_FEATURE_PROFILES_AND_MUTATION_ALGEBRA.md"",""authority"":""framework_specification""}",FeatureDefinition
harmonic.pitch_mask,canonical-profile-registry:0.1.1,Rooted pitch mask,harmonic,formally_audited,string,12-bit mask,state,all,Rooted twelve-position binary representation.,"{""artifact"":""source/framework/CANONICAL_FEATURE_PROFILES_AND_MUTATION_ALGEBRA.md"",""authority"":""framework_specification""}",FeatureDefinition
harmonic.forte_family,canonical-profile-registry:0.1.1,Forte family,harmonic,formally_audited,string,,family,all,Forte set-class membership.,"{""artifact"":""source/framework/CANONICAL_FEATURE_PROFILES_AND_MUTATION_ALGEBRA.md"",""authority"":""framework_specification""}",FeatureDefinition
harmonic.anchor_tier,canonical-profile-registry:0.1.1,Anchor tier,harmonic,framework_validated_topology,string,,state,all,"Validated anchoring stratum such as A0, A1, A2, or D1–D7.","{""artifact"":""source/framework/CANONICAL_FEATURE_PROFILES_AND_MUTATION_ALGEBRA.md"",""authority"":""framework_specification""}",FeatureDefinition
harmonic.C_H,canonical-profile-registry:0.1.1,Harmonic compression coordinate,harmonic,unresolved_measure,number_or_null,method_dependent,state_or_family,all,Reserved harmonic coordinate. Registry v0.1.1 deliberately supplies no aggregate formula.,"{""artifact"":""source/framework/CANONICAL_FEATURE_PROFILES_AND_MUTATION_ALGEBRA.md"",""authority"":""framework_specification""}",FeatureDefinition
semantic.thermodynamic_function,canonical-profile-registry:0.1.1,Thermodynamic correspondence,semantic,authored_correspondence,string,,office,all,Framework-authored process correspondence; not a claim of physical causation.,"{""artifact"":""source/framework/CANONICAL_FEATURE_PROFILES_AND_MUTATION_ALGEBRA.md"",""authority"":""framework_specification""}",FeatureDefinition
semantic.optical_function,canonical-profile-registry:0.1.1,Optical correspondence,semantic,authored_correspondence,string,,office,all,Framework-authored optical metaphor/correspondence distinct from measured wavelength.,"{""artifact"":""source/framework/CANONICAL_FEATURE_PROFILES_AND_MUTATION_ALGEBRA.md"",""authority"":""framework_specification""}",FeatureDefinition
semantic.directionality,canonical-profile-registry:0.1.1,Directionality,semantic,authored_correspondence,string,,office,all,"Canonical inward, outward, or mediating orientation.","{""artifact"":""source/framework/CANONICAL_FEATURE_PROFILES_AND_MUTATION_ALGEBRA.md"",""authority"":""framework_specification""}",FeatureDefinition
semantic.archetypal_role,canonical-profile-registry:0.1.1,Archetypal role,semantic,authored_correspondence,string,,office,all,Canonical role statement for the Governor.,"{""artifact"":""source/framework/CANONICAL_FEATURE_PROFILES_AND_MUTATION_ALGEBRA.md"",""authority"":""framework_specification""}",FeatureDefinition
semantic.element,canonical-profile-registry:0.1.1,Element,semantic,authored_correspondence,string_or_null,,office,all,Declared elemental correspondence where present.,"{""artifact"":""source/framework/CANONICAL_FEATURE_PROFILES_AND_MUTATION_ALGEBRA.md"",""authority"":""framework_specification""}",FeatureDefinition
semantic.zodiacal_systems,canonical-profile-registry:0.1.1,Zodiacal systems,semantic,authored_correspondence,object,,office,all,External/internal system records declared under an office.,"{""artifact"":""source/framework/CANONICAL_FEATURE_PROFILES_AND_MUTATION_ALGEBRA.md"",""authority"":""framework_specification""}",FeatureDefinition
semantic.C_S,canonical-profile-registry:0.1.1,Semantic compression coordinate,semantic,framework_order_plus_registry_coordinate_convention,object,ordered_category_nonmetric,office,all,Ordered position along the declared Sun→Saturn process canon. The optional 0–1 normalization is non-metric and does not assert equal semantic distance.,"{""artifact"":""source/framework/CANONICAL_FEATURE_PROFILES_AND_MUTATION_ALGEBRA.md"",""authority"":""framework_specification""}",FeatureDefinition
domain.landforms,canonical-profile-registry:0.1.1,Landform references,domain,canonical_reference_library,array,,office,landforms,Canonical landform references declared in the Governor reference library.,"{""artifact"":""source/framework/CANONICAL_FEATURE_PROFILES_AND_MUTATION_ALGEBRA.md"",""authority"":""framework_specification""}",FeatureDefinition
domain.architecture,canonical-profile-registry:0.1.1,Architecture references,domain,canonical_reference_library,array,,office,cross_domain,Canonical architecture references declared in the Governor reference library.,"{""artifact"":""source/framework/CANONICAL_FEATURE_PROFILES_AND_MUTATION_ALGEBRA.md"",""authority"":""framework_specification""}",FeatureDefinition
domain.botany,canonical-profile-registry:0.1.1,Botanical references,domain,canonical_reference_library,array,,office,cross_domain,Canonical botanical references declared in the Governor reference library.,"{""artifact"":""source/framework/CANONICAL_FEATURE_PROFILES_AND_MUTATION_ALGEBRA.md"",""authority"":""framework_specification""}",FeatureDefinition
domain.material,canonical-profile-registry:0.1.1,Material references,domain,canonical_reference_library,array,,office,cross_domain,Canonical material references declared in the Governor reference library.,"{""artifact"":""source/framework/CANONICAL_FEATURE_PROFILES_AND_MUTATION_ALGEBRA.md"",""authority"":""framework_specification""}",FeatureDefinition
domain.color_associations,canonical-profile-registry:0.1.1,Color references,domain,canonical_reference_library,array,,office,cross_domain,Canonical color references declared in the Governor reference library.,"{""artifact"":""source/framework/CANONICAL_FEATURE_PROFILES_AND_MUTATION_ALGEBRA.md"",""authority"":""framework_specification""}",FeatureDefinition
domain.symbolic_references,canonical-profile-registry:0.1.1,Symbolic references,domain,canonical_reference_library,array,,office,cross_domain,Canonical symbolic references declared in the Governor reference library.,"{""artifact"":""source/framework/CANONICAL_FEATURE_PROFILES_AND_MUTATION_ALGEBRA.md"",""authority"":""framework_specification""}",FeatureDefinition
generative.required_features,canonical-profile-registry:0.1.1,Required features,generative,compiled_constraint,array,,compiled_profile,all,Required features emitted by the deterministic compiler.,"{""artifact"":""source/framework/CANONICAL_FEATURE_PROFILES_AND_MUTATION_ALGEBRA.md"",""authority"":""framework_specification""}",FeatureDefinition
generative.soft_priors,canonical-profile-registry:0.1.1,Soft priors,generative,compiled_constraint,array,,compiled_profile,all,Soft priors emitted by the deterministic compiler.,"{""artifact"":""source/framework/CANONICAL_FEATURE_PROFILES_AND_MUTATION_ALGEBRA.md"",""authority"":""framework_specification""}",FeatureDefinition
generative.reference_pool,canonical-profile-registry:0.1.1,Reference pool,generative,compiled_constraint,array,,compiled_profile,all,Reference pool emitted by the deterministic compiler.,"{""artifact"":""source/framework/CANONICAL_FEATURE_PROFILES_AND_MUTATION_ALGEBRA.md"",""authority"":""framework_specification""}",FeatureDefinition
generative.promoted_features,canonical-profile-registry:0.1.1,Promoted features,generative,compiled_constraint,array,,compiled_profile,all,Promoted features emitted by the deterministic compiler.,"{""artifact"":""source/framework/CANONICAL_FEATURE_PROFILES_AND_MUTATION_ALGEBRA.md"",""authority"":""framework_specification""}",FeatureDefinition
generative.suppressed_features,canonical-profile-registry:0.1.1,Suppressed features,generative,compiled_constraint,array,,compiled_profile,all,Suppressed features emitted by the deterministic compiler.,"{""artifact"":""source/framework/CANONICAL_FEATURE_PROFILES_AND_MUTATION_ALGEBRA.md"",""authority"":""framework_specification""}",FeatureDefinition
generative.prohibited_features,canonical-profile-registry:0.1.1,Prohibited features,generative,compiled_constraint,array,,compiled_profile,all,Prohibited features emitted by the deterministic compiler.,"{""artifact"":""source/framework/CANONICAL_FEATURE_PROFILES_AND_MUTATION_ALGEBRA.md"",""authority"":""framework_specification""}",FeatureDefinition
generative.unresolved_features,canonical-profile-registry:0.1.1,Unresolved features,generative,compiled_constraint,array,,compiled_profile,all,Unresolved features emitted by the deterministic compiler.,"{""artifact"":""source/framework/CANONICAL_FEATURE_PROFILES_AND_MUTATION_ALGEBRA.md"",""authority"":""framework_specification""}",FeatureDefinition
generative.creative_affordances,canonical-profile-registry:0.1.1,Creative affordances,generative,compiled_constraint,array,,compiled_profile,all,Creative affordances emitted by the deterministic compiler.,"{""artifact"":""source/framework/CANONICAL_FEATURE_PROFILES_AND_MUTATION_ALGEBRA.md"",""authority"":""framework_specification""}",FeatureDefinition
