measure_id:ID(HarmonicMeasureDefinition),release_id,status,scope,tuning_requirement,definition,topology_use,:LABEL
rooted_hamming_distance,canonical-profile-registry:0.1.1,active,ScaleState_pair,12-TET rooted 12-bit representation,Population count of XOR between two rooted 12-bit masks.,fixed-tonic one-tone exchange uses dH=2,HarmonicMeasureDefinition
raw_exchange_hamming,canonical-profile-registry:0.1.1,active,unrooted_pitch_set_pair,12-TET,Cardinality of the symmetric difference of two pitch-class sets.,single-pitch exchange validation,HarmonicMeasureDefinition
common_tone_count,canonical-profile-registry:0.1.1,candidate,ScaleState_pair,declared pitch representation,Cardinality of pitch-set intersection.,possible local affinity descriptor; not C_H,HarmonicMeasureDefinition
interval_vector,canonical-profile-registry:0.1.1,active_descriptor,ScaleFamily,12-TET,Six-entry interval-class vector.,family-level structural descriptor; not an office value,HarmonicMeasureDefinition
carey_CQ,canonical-profile-registry:0.1.1,reserved_external_measure,ScaleFamily_under_tuning,must be declared,"Carey coherence quotient, when computed under a declared tuning.",family/tuning property only; never copied to a Governor state as such,HarmonicMeasureDefinition
carey_SQ,canonical-profile-registry:0.1.1,reserved_external_measure,ScaleFamily_under_tuning,must be declared,"Carey simplicity quotient, when computed under a declared tuning.",family/tuning property only; never copied to a Governor state as such,HarmonicMeasureDefinition
anchor_distance,canonical-profile-registry:0.1.1,active,ScaleState_to_anchor,12-TET rooted topology,Declared eligible relation distance and tier-precedence record.,anchor/satellite/boundary resolution,HarmonicMeasureDefinition
modal_phase,canonical-profile-registry:0.1.1,active,ScaleState_in_family_orbit,ordered rooted scale,Successor index under modal re-rooting M.,phase closure and covariance testing,HarmonicMeasureDefinition
fourier_pitch_class_descriptor,canonical-profile-registry:0.1.1,candidate_uncomputed,ScaleState_or_family,explicit transform convention,Discrete Fourier descriptor of pitch-class occupancy.,candidate C_H input; not admitted in registry v0.1.1,HarmonicMeasureDefinition
