assertion_id,profile_id:START_ID(CanonicalFeatureProfile),feature_id:END_ID(FeatureDefinition),value_json,provenance_json,:TYPE
assertion:7ee917d0f2e2accd2846,profile:sun:v0.1.1,physical.wavelength_nm,700,"{""artifact"":""source/governors.yaml"",""pointer"":""governors.sun"",""authority"":""framework_declared""}",HAS_FEATURE
assertion:6c8c61924a804642367d,profile:sun:v0.1.1,physical.frequency_hz,428274939999999.94,"{""artifact"":""scripts/build-registry.mjs"",""authority"":""physically_derived_from_framework_anchor"",""formula"":""Derived from declared wavelength.""}",HAS_FEATURE
assertion:063c11f76a47809094e5,profile:sun:v0.1.1,physical.photon_energy_j,2.8377797959270407e-19,"{""artifact"":""scripts/build-registry.mjs"",""authority"":""physically_derived_from_framework_anchor"",""formula"":""Derived from declared wavelength.""}",HAS_FEATURE
assertion:c3eaecac6356d542baef,profile:sun:v0.1.1,physical.photon_energy_ev,1.7712028347600037,"{""artifact"":""scripts/build-registry.mjs"",""authority"":""physically_derived_from_framework_anchor"",""formula"":""Derived from declared wavelength.""}",HAS_FEATURE
assertion:7d4c4b85e37c71c76b22,profile:sun:v0.1.1,physical.C_P,0,"{""artifact"":""scripts/build-registry.mjs"",""authority"":""physically_derived_from_framework_anchor"",""formula"":""Derived from declared wavelength.""}",HAS_FEATURE
assertion:462c70a21635dcee9731,profile:sun:v0.1.1,harmonic.canonical_scale_state,2773,"{""artifact"":""source/governors.yaml"",""pointer"":""governors.sun"",""authority"":""framework_declared""}",HAS_FEATURE
assertion:875547ec419594d8db74,profile:sun:v0.1.1,harmonic.pitch_mask,b101010110101,"{""artifact"":""source/governors.yaml"",""pointer"":""governors.sun"",""authority"":""framework_declared""}",HAS_FEATURE
assertion:0a20d15ea14497e36ef7,profile:sun:v0.1.1,harmonic.forte_family,7-35,"{""artifact"":""source/governors.yaml"",""pointer"":""governors.sun"",""authority"":""framework_declared""}",HAS_FEATURE
assertion:e1cc695ad82645e964c8,profile:sun:v0.1.1,harmonic.anchor_tier,A0,"{""artifact"":""source/governors.yaml"",""pointer"":""governors.sun"",""authority"":""framework_declared""}",HAS_FEATURE
assertion:20a342ba5db0ebde0350,profile:sun:v0.1.1,harmonic.C_H,,"{""artifact"":""source/governors.yaml"",""pointer"":""governors.sun"",""authority"":""framework_declared""}",HAS_FEATURE
assertion:4b967a6387f86c9bd7a7,profile:sun:v0.1.1,semantic.thermodynamic_function,emission,"{""artifact"":""source/governors.yaml"",""pointer"":""governors.sun"",""authority"":""framework_declared""}",HAS_FEATURE
assertion:0471d9d35b02e88d041e,profile:sun:v0.1.1,semantic.optical_function,source_radiance,"{""artifact"":""source/governors.yaml"",""pointer"":""governors.sun"",""authority"":""framework_declared""}",HAS_FEATURE
assertion:a097620dd110c72ef6a2,profile:sun:v0.1.1,semantic.directionality,outward_projective,"{""artifact"":""source/governors.yaml"",""pointer"":""governors.sun"",""authority"":""framework_declared""}",HAS_FEATURE
assertion:804ff07dd5f7697b8618,profile:sun:v0.1.1,semantic.archetypal_role,reality as coherent actuality,"{""artifact"":""source/governors.yaml"",""pointer"":""governors.sun"",""authority"":""framework_declared""}",HAS_FEATURE
assertion:51f20f408f0e4a024067,profile:sun:v0.1.1,semantic.element,,"{""artifact"":""source/governors.yaml"",""pointer"":""governors.sun"",""authority"":""framework_declared""}",HAS_FEATURE
assertion:22fbd23873e02fec8c17,profile:sun:v0.1.1,semantic.zodiacal_systems,"{""leo"":{""sex"":""male"",""magnetism"":""monopolar"",""directionality"":""outward_projective"",""derives_from"":""canonical_expression.binary_12bit"",""system_name"":""Source-Code System"",""domain"":[""source-code"",""natural law"",""system fundamentals"",""DNA"",""chemistry"",""design logic"",""biomimicry""],""core_question"":""What is the underlying principle that makes this work?"",""canonical_phrase"":""Leo / Sun = the source-code system.""}}","{""artifact"":""source/governors.yaml"",""pointer"":""governors.sun"",""authority"":""framework_declared""}",HAS_FEATURE
assertion:87549a4a87bf8354d4db,profile:sun:v0.1.1,semantic.C_S,"{""orderedPosition"":1,""orderedProcess"":""emission"",""normalizedOrdinal"":0,""metric"":false,""status"":""framework_order_plus_registry_coordinate_convention""}","{""authority"":""framework_order_plus_registry_coordinate_convention"",""sources"":[{""artifact"":""source/governors.yaml"",""pointer"":""governors.sun.canonical_expression.thermodynamic_function"",""authority"":""framework_declared""},{""artifact"":""scripts/build-registry.mjs"",""authority"":""registry_coordinate_convention"",""description"":""The ordered position is exposed as a non-metric normalized ordinal.""}]}",HAS_FEATURE
assertion:ef81b88a26c9e97ad4bb,profile:sun:v0.1.1,domain.landforms,"[""plains"",""savanna"",""plateaus"",""open fields bathed in sunlight""]","{""artifact"":""source/governors.yaml"",""pointer"":""governors.sun"",""authority"":""framework_declared""}",HAS_FEATURE
assertion:ba44f74509dade5a183c,profile:sun:v0.1.1,domain.architecture,"[""monolithic stone circles"",""temples open to the sky"",""altars"",""ziggurats"",""observatories""]","{""artifact"":""source/governors.yaml"",""pointer"":""governors.sun"",""authority"":""framework_declared""}",HAS_FEATURE
assertion:9e60145679bf59d037d1,profile:sun:v0.1.1,domain.botany,"[""sunflowers"",""marigolds"",""heliotropes"",""citrus trees"",""olive trees"",""bay laurel""]","{""artifact"":""source/governors.yaml"",""pointer"":""governors.sun"",""authority"":""framework_declared""}",HAS_FEATURE
assertion:19a4aeed93d7bd1f3776,profile:sun:v0.1.1,domain.material,"[""gold"",""amber"",""citrine"",""brass"",""electrum""]","{""artifact"":""source/governors.yaml"",""pointer"":""governors.sun"",""authority"":""framework_declared""}",HAS_FEATURE
assertion:28962f31a7558fc94c06,profile:sun:v0.1.1,domain.color_associations,"[""red"",""gold"",""bright yellow"",""orange-gold""]","{""artifact"":""source/governors.yaml"",""pointer"":""governors.sun"",""authority"":""framework_declared""}",HAS_FEATURE
assertion:5dcc77a5a344aad69c1a,profile:sun:v0.1.1,domain.symbolic_references,"[""solar cross"",""crown"",""halo"",""lion"",""phoenix"",""eye of providence"",""the number 1"",""the point at the center""]","{""artifact"":""source/governors.yaml"",""pointer"":""governors.sun"",""authority"":""framework_declared""}",HAS_FEATURE
assertion:81466007bf6eee891beb,profile:moon:v0.1.1,physical.wavelength_nm,610,"{""artifact"":""source/governors.yaml"",""pointer"":""governors.moon"",""authority"":""framework_declared""}",HAS_FEATURE
assertion:095ef5dee2f5751037e8,profile:moon:v0.1.1,physical.frequency_hz,491463045901639.25,"{""artifact"":""scripts/build-registry.mjs"",""authority"":""physically_derived_from_framework_anchor"",""formula"":""Derived from declared wavelength.""}",HAS_FEATURE
assertion:fedb243c95c750378c64,profile:moon:v0.1.1,physical.photon_energy_j,3.2564686182769316e-19,"{""artifact"":""scripts/build-registry.mjs"",""authority"":""physically_derived_from_framework_anchor"",""formula"":""Derived from declared wavelength.""}",HAS_FEATURE
assertion:d144a2ef8f1914891fbb,profile:moon:v0.1.1,physical.photon_energy_ev,2.032527843167217,"{""artifact"":""scripts/build-registry.mjs"",""authority"":""physically_derived_from_framework_anchor"",""formula"":""Derived from declared wavelength.""}",HAS_FEATURE
assertion:be84e89448819cecfe98,profile:moon:v0.1.1,physical.C_P,0.19672131147540983,"{""artifact"":""scripts/build-registry.mjs"",""authority"":""physically_derived_from_framework_anchor"",""formula"":""Derived from declared wavelength.""}",HAS_FEATURE
assertion:ef5621be3cb100f91c15,profile:moon:v0.1.1,harmonic.canonical_scale_state,2741,"{""artifact"":""source/governors.yaml"",""pointer"":""governors.moon"",""authority"":""framework_declared""}",HAS_FEATURE
assertion:c4c2cae603e4183b92c4,profile:moon:v0.1.1,harmonic.pitch_mask,b101011010101,"{""artifact"":""source/governors.yaml"",""pointer"":""governors.moon"",""authority"":""framework_declared""}",HAS_FEATURE
assertion:3e408190fbb4380af090,profile:moon:v0.1.1,harmonic.forte_family,7-35,"{""artifact"":""source/governors.yaml"",""pointer"":""governors.moon"",""authority"":""framework_declared""}",HAS_FEATURE
assertion:ddfdb017a41aaa571fcf,profile:moon:v0.1.1,harmonic.anchor_tier,A0,"{""artifact"":""source/governors.yaml"",""pointer"":""governors.moon"",""authority"":""framework_declared""}",HAS_FEATURE
assertion:5385dc70a64d6b31d40b,profile:moon:v0.1.1,harmonic.C_H,,"{""artifact"":""source/governors.yaml"",""pointer"":""governors.moon"",""authority"":""framework_declared""}",HAS_FEATURE
assertion:f63b0fda5c3ae0b5e241,profile:moon:v0.1.1,semantic.thermodynamic_function,reception,"{""artifact"":""source/governors.yaml"",""pointer"":""governors.moon"",""authority"":""framework_declared""}",HAS_FEATURE
assertion:5734ee55f6beff81761f,profile:moon:v0.1.1,semantic.optical_function,reflection,"{""artifact"":""source/governors.yaml"",""pointer"":""governors.moon"",""authority"":""framework_declared""}",HAS_FEATURE
assertion:3fdd5d6ad580f6aa2d1b,profile:moon:v0.1.1,semantic.directionality,inward_centripetal,"{""artifact"":""source/governors.yaml"",""pointer"":""governors.moon"",""authority"":""framework_declared""}",HAS_FEATURE
assertion:1d618990072c6abf0f66,profile:moon:v0.1.1,semantic.archetypal_role,the experience of reality,"{""artifact"":""source/governors.yaml"",""pointer"":""governors.moon"",""authority"":""framework_declared""}",HAS_FEATURE
assertion:b29a7ce80fb9639f5101,profile:moon:v0.1.1,semantic.element,,"{""artifact"":""source/governors.yaml"",""pointer"":""governors.moon"",""authority"":""framework_declared""}",HAS_FEATURE
assertion:89600f1e9421be0b3d05,profile:moon:v0.1.1,semantic.zodiacal_systems,"{""cancer"":{""sex"":""female"",""magnetism"":""monopolar"",""directionality"":""inward_centripetal"",""derives_from"":""canonical_expression.binary_12bit"",""system_name"":""Daily Personal Experience System"",""domain"":[""daily personal experience"",""situated life"",""home"",""family"",""what is directly lived"",""emotional climate"",""immediate physical setting""],""core_question"":""What is my lived reality right now?"",""canonical_phrase"":""Cancer / Moon = the system of situated life.""}}","{""artifact"":""source/governors.yaml"",""pointer"":""governors.moon"",""authority"":""framework_declared""}",HAS_FEATURE
assertion:a4e75d53f1a7761d8f6d,profile:moon:v0.1.1,semantic.C_S,"{""orderedPosition"":2,""orderedProcess"":""reception"",""normalizedOrdinal"":0.16666666666666666,""metric"":false,""status"":""framework_order_plus_registry_coordinate_convention""}","{""authority"":""framework_order_plus_registry_coordinate_convention"",""sources"":[{""artifact"":""source/governors.yaml"",""pointer"":""governors.moon.canonical_expression.thermodynamic_function"",""authority"":""framework_declared""},{""artifact"":""scripts/build-registry.mjs"",""authority"":""registry_coordinate_convention"",""description"":""The ordered position is exposed as a non-metric normalized ordinal.""}]}",HAS_FEATURE
assertion:ea51cdb6b840b863b7f5,profile:moon:v0.1.1,domain.landforms,"[""lakes"",""ponds"",""tidal pools"",""estuaries"",""marshes"",""foggy valleys""]","{""artifact"":""source/governors.yaml"",""pointer"":""governors.moon"",""authority"":""framework_declared""}",HAS_FEATURE
assertion:3447e852e31225cdb814,profile:moon:v0.1.1,domain.architecture,"[""rounded buildings"",""moon gates"",""reflecting pools"",""crescent-shaped structures"",""oracles""]","{""artifact"":""source/governors.yaml"",""pointer"":""governors.moon"",""authority"":""framework_declared""}",HAS_FEATURE
assertion:78e628eeb96f4bc4b33f,profile:moon:v0.1.1,domain.botany,"[""water lilies"",""lotus"",""moonflowers"",""jasmine"",""night-blooming cereus"",""silver sage""]","{""artifact"":""source/governors.yaml"",""pointer"":""governors.moon"",""authority"":""framework_declared""}",HAS_FEATURE
assertion:a706cd50d697c6c201eb,profile:moon:v0.1.1,domain.material,"[""silver"",""moonstone"",""opal"",""pearl"",""selenite""]","{""artifact"":""source/governors.yaml"",""pointer"":""governors.moon"",""authority"":""framework_declared""}",HAS_FEATURE
assertion:5bacae8a61a02d5cc676,profile:moon:v0.1.1,domain.color_associations,"[""silver"",""white"",""pale blue"",""misty gray"",""pale orange""]","{""artifact"":""source/governors.yaml"",""pointer"":""governors.moon"",""authority"":""framework_declared""}",HAS_FEATURE
assertion:4ba781fdeba60f51e80d,profile:moon:v0.1.1,domain.symbolic_references,"[""crescent"",""mirror"",""chalice"",""bowl"",""shell"",""silver cord"",""the number 2"",""duality""]","{""artifact"":""source/governors.yaml"",""pointer"":""governors.moon"",""authority"":""framework_declared""}",HAS_FEATURE
assertion:281400b59a9c0377476e,profile:mars:v0.1.1,physical.wavelength_nm,580,"{""artifact"":""source/governors.yaml"",""pointer"":""governors.mars"",""authority"":""framework_declared""}",HAS_FEATURE
assertion:3e3c47e8f74f3a31448c,profile:mars:v0.1.1,physical.frequency_hz,516883548275862,"{""artifact"":""scripts/build-registry.mjs"",""authority"":""physically_derived_from_framework_anchor"",""formula"":""Derived from declared wavelength.""}",HAS_FEATURE
assertion:01777941facc1f7c25a8,profile:mars:v0.1.1,physical.photon_energy_j,3.424906650256773e-19,"{""artifact"":""scripts/build-registry.mjs"",""authority"":""physically_derived_from_framework_anchor"",""formula"":""Derived from declared wavelength.""}",HAS_FEATURE
assertion:5df1219eac18ce0878d1,profile:mars:v0.1.1,physical.photon_energy_ev,2.1376585936758663,"{""artifact"":""scripts/build-registry.mjs"",""authority"":""physically_derived_from_framework_anchor"",""formula"":""Derived from declared wavelength.""}",HAS_FEATURE
assertion:c1586351f8ee445d8a95,profile:mars:v0.1.1,physical.C_P,0.2758620689655172,"{""artifact"":""scripts/build-registry.mjs"",""authority"":""physically_derived_from_framework_anchor"",""formula"":""Derived from declared wavelength.""}",HAS_FEATURE
assertion:7e410d69bec084a4619c,profile:mars:v0.1.1,harmonic.canonical_scale_state,1717,"{""artifact"":""source/governors.yaml"",""pointer"":""governors.mars"",""authority"":""framework_declared""}",HAS_FEATURE
assertion:90c2786e200b48ec2079,profile:mars:v0.1.1,harmonic.pitch_mask,b101011010110,"{""artifact"":""source/governors.yaml"",""pointer"":""governors.mars"",""authority"":""framework_declared""}",HAS_FEATURE
assertion:72fb1522edc17027ff5d,profile:mars:v0.1.1,harmonic.forte_family,7-35,"{""artifact"":""source/governors.yaml"",""pointer"":""governors.mars"",""authority"":""framework_declared""}",HAS_FEATURE
assertion:180db83ada86d0601133,profile:mars:v0.1.1,harmonic.anchor_tier,A0,"{""artifact"":""source/governors.yaml"",""pointer"":""governors.mars"",""authority"":""framework_declared""}",HAS_FEATURE
assertion:d92d490ff775f97dc91f,profile:mars:v0.1.1,harmonic.C_H,,"{""artifact"":""source/governors.yaml"",""pointer"":""governors.mars"",""authority"":""framework_declared""}",HAS_FEATURE
assertion:f9d2de82a87b01510a8a,profile:mars:v0.1.1,semantic.thermodynamic_function,activation,"{""artifact"":""source/governors.yaml"",""pointer"":""governors.mars"",""authority"":""framework_declared""}",HAS_FEATURE
assertion:3dc55a8aeaeba10476e8,profile:mars:v0.1.1,semantic.optical_function,ignition,"{""artifact"":""source/governors.yaml"",""pointer"":""governors.mars"",""authority"":""framework_declared""}",HAS_FEATURE
assertion:b57df4fa527fde67396e,profile:mars:v0.1.1,semantic.directionality,outward_projective,"{""artifact"":""source/governors.yaml"",""pointer"":""governors.mars"",""authority"":""framework_declared""}",HAS_FEATURE
assertion:7add9c887a5d883d1a03,profile:mars:v0.1.1,semantic.archetypal_role,energy modulation; how force enters the pattern,"{""artifact"":""source/governors.yaml"",""pointer"":""governors.mars"",""authority"":""framework_declared""}",HAS_FEATURE
assertion:eab79a0cd279213cb4aa,profile:mars:v0.1.1,semantic.element,Fire,"{""artifact"":""source/governors.yaml"",""pointer"":""governors.mars"",""authority"":""framework_declared""}",HAS_FEATURE
assertion:043ec0b8b7affc4ace57,profile:mars:v0.1.1,semantic.zodiacal_systems,"{""aries"":{""directionality"":""external"",""derives_from"":""canonical_expression.binary_12bit"",""system_name"":""Tactical Environmental Mastery"",""domain"":[""terrain"",""flora"",""fauna"",""built systems"",""threats"",""action in the field"",""environmental strategy""],""core_question"":""How do I act effectively in the field?"",""canonical_phrase"":""Aries / Mars External = the field of action.""},""scorpio"":{""directionality"":""inward"",""derives_from"":""canonical_expression.binary_12bit_lsb"",""system_name"":""Inner Strategy System"",""domain"":[""inner strategy"",""drives"",""habits"",""desire"",""shadow"",""philosophy of action"",""self-command""],""core_question"":""What internal forces shape my actions and patterns?"",""canonical_phrase"":""Scorpio / Mars Internal = the war room of the self.""}}","{""artifact"":""source/governors.yaml"",""pointer"":""governors.mars"",""authority"":""framework_declared""}",HAS_FEATURE
assertion:f22940f429e5db173050,profile:mars:v0.1.1,semantic.C_S,"{""orderedPosition"":3,""orderedProcess"":""activation"",""normalizedOrdinal"":0.3333333333333333,""metric"":false,""status"":""framework_order_plus_registry_coordinate_convention""}","{""authority"":""framework_order_plus_registry_coordinate_convention"",""sources"":[{""artifact"":""source/governors.yaml"",""pointer"":""governors.mars.canonical_expression.thermodynamic_function"",""authority"":""framework_declared""},{""artifact"":""scripts/build-registry.mjs"",""authority"":""registry_coordinate_convention"",""description"":""The ordered position is exposed as a non-metric normalized ordinal.""}]}",HAS_FEATURE
assertion:6780e2c91156ab0a6c8f,profile:mars:v0.1.1,domain.landforms,"[""volcanoes"",""canyons"",""cliffs"",""gorges"",""deserts"",""cracked earth"",""impact craters""]","{""artifact"":""source/governors.yaml"",""pointer"":""governors.mars"",""authority"":""framework_declared""}",HAS_FEATURE
assertion:1479ef3b3a25d80fb66a,profile:mars:v0.1.1,domain.architecture,"[""fortresses"",""towers"",""forges"",""arenas"",""gates"",""military camps"",""smithies""]","{""artifact"":""source/governors.yaml"",""pointer"":""governors.mars"",""authority"":""framework_declared""}",HAS_FEATURE
assertion:4c64b9cc3fd47c30f320,profile:mars:v0.1.1,domain.botany,"[""nettles"",""thorns"",""cacti"",""chili peppers"",""ginger"",""garlic"",""hawthorn"",""ironwood""]","{""artifact"":""source/governors.yaml"",""pointer"":""governors.mars"",""authority"":""framework_declared""}",HAS_FEATURE
assertion:20cf9fa36ce34071464e,profile:mars:v0.1.1,domain.material,"[""iron"",""steel"",""bloodstone"",""carnelian"",""garnet"",""flint"",""obsidian""]","{""artifact"":""source/governors.yaml"",""pointer"":""governors.mars"",""authority"":""framework_declared""}",HAS_FEATURE
assertion:e42e43206eaa9013d125,profile:mars:v0.1.1,domain.color_associations,"[""red"",""scarlet"",""bright yellow"",""orange"",""hot pink""]","{""artifact"":""source/governors.yaml"",""pointer"":""governors.mars"",""authority"":""framework_declared""}",HAS_FEATURE
assertion:138333e0de4d0ec976e9,profile:mars:v0.1.1,domain.symbolic_references,"[""sword"",""spear"",""shield"",""forge"",""anvil"",""the number 5"",""pentagram"",""fire""]","{""artifact"":""source/governors.yaml"",""pointer"":""governors.mars"",""authority"":""framework_declared""}",HAS_FEATURE
assertion:13a2826b47aa118993f7,profile:mercury:v0.1.1,physical.wavelength_nm,530,"{""artifact"":""source/governors.yaml"",""pointer"":""governors.mercury"",""authority"":""framework_declared""}",HAS_FEATURE
assertion:1b52746191617396ad69,profile:mercury:v0.1.1,physical.frequency_hz,565646147169811.2,"{""artifact"":""scripts/build-registry.mjs"",""authority"":""physically_derived_from_framework_anchor"",""formula"":""Derived from declared wavelength.""}",HAS_FEATURE
assertion:ecd6e567e55b075507b1,profile:mercury:v0.1.1,physical.photon_energy_j,3.7480110512243934e-19,"{""artifact"":""scripts/build-registry.mjs"",""authority"":""physically_derived_from_framework_anchor"",""formula"":""Derived from declared wavelength.""}",HAS_FEATURE
assertion:5833ef590f5f411032e0,profile:mercury:v0.1.1,physical.photon_energy_ev,2.3393244987396273,"{""artifact"":""scripts/build-registry.mjs"",""authority"":""physically_derived_from_framework_anchor"",""formula"":""Derived from declared wavelength.""}",HAS_FEATURE
assertion:1aaa32c9f775fd6d4acb,profile:mercury:v0.1.1,physical.C_P,0.4276729559748428,"{""artifact"":""scripts/build-registry.mjs"",""authority"":""physically_derived_from_framework_anchor"",""formula"":""Derived from declared wavelength.""}",HAS_FEATURE
assertion:1e2d48faae3a6b69fc7c,profile:mercury:v0.1.1,harmonic.canonical_scale_state,1709,"{""artifact"":""source/governors.yaml"",""pointer"":""governors.mercury"",""authority"":""framework_declared""}",HAS_FEATURE
assertion:cd245a86752fb9907181,profile:mercury:v0.1.1,harmonic.pitch_mask,b101101010110,"{""artifact"":""source/governors.yaml"",""pointer"":""governors.mercury"",""authority"":""framework_declared""}",HAS_FEATURE
assertion:faecc78e55fb782c5a2b,profile:mercury:v0.1.1,harmonic.forte_family,7-35,"{""artifact"":""source/governors.yaml"",""pointer"":""governors.mercury"",""authority"":""framework_declared""}",HAS_FEATURE
assertion:ee970cba1a38ebec5c5b,profile:mercury:v0.1.1,harmonic.anchor_tier,A0,"{""artifact"":""source/governors.yaml"",""pointer"":""governors.mercury"",""authority"":""framework_declared""}",HAS_FEATURE
assertion:1ff27aed14708f81d5f9,profile:mercury:v0.1.1,harmonic.C_H,,"{""artifact"":""source/governors.yaml"",""pointer"":""governors.mercury"",""authority"":""framework_declared""}",HAS_FEATURE
assertion:0e175f232d1fd633a422,profile:mercury:v0.1.1,semantic.thermodynamic_function,transduction,"{""artifact"":""source/governors.yaml"",""pointer"":""governors.mercury"",""authority"":""framework_declared""}",HAS_FEATURE
assertion:35624a2a189fccef303a,profile:mercury:v0.1.1,semantic.optical_function,conversion_interface,"{""artifact"":""source/governors.yaml"",""pointer"":""governors.mercury"",""authority"":""framework_declared""}",HAS_FEATURE
assertion:c98a76ae394771d8eceb,profile:mercury:v0.1.1,semantic.directionality,hinge_mediator,"{""artifact"":""source/governors.yaml"",""pointer"":""governors.mercury"",""authority"":""framework_declared""}",HAS_FEATURE
assertion:42504fd889e523935ae8,profile:mercury:v0.1.1,semantic.archetypal_role,responsiveness and integration; how the system adapts,"{""artifact"":""source/governors.yaml"",""pointer"":""governors.mercury"",""authority"":""framework_declared""}",HAS_FEATURE
assertion:f0bd3c42734e61bc5aec,profile:mercury:v0.1.1,semantic.element,Quintessence,"{""artifact"":""source/governors.yaml"",""pointer"":""governors.mercury"",""authority"":""framework_declared""}",HAS_FEATURE
assertion:7ce116d3dd8e1475e6d7,profile:mercury:v0.1.1,semantic.zodiacal_systems,"{""gemini"":{""sex"":""male"",""directionality"":""outward_responsiveness"",""derives_from"":""canonical_expression.binary_12bit"",""system_name"":""Operational Interface Mastery"",""domain"":[""tools"",""workflows"",""interfaces"",""communication channels"",""APIs"",""dashboards"",""practical mastery of the fivefold engine""],""core_question"":""How do I operate, connect, translate, and coordinate the system?"",""canonical_phrase"":""Gemini / Mercury External = the interface layer.""},""virgo"":{""sex"":""female"",""directionality"":""internal_integration"",""derives_from"":""canonical_expression.binary_12bit_lsb"",""system_name"":""Diagnostic Story-Ledger"",""domain"":[""outcome interpretation"",""refinement"",""diagnosis"",""analytics"",""retrospectives"",""debugging"",""what events produced and what they mean""],""core_question"":""What did the system produce, and what does it mean?"",""canonical_phrase"":""Virgo / Mercury Internal = the outcome interpretation system.""}}","{""artifact"":""source/governors.yaml"",""pointer"":""governors.mercury"",""authority"":""framework_declared""}",HAS_FEATURE
assertion:0cc49b3b65575bcc369b,profile:mercury:v0.1.1,semantic.C_S,"{""orderedPosition"":4,""orderedProcess"":""transduction"",""normalizedOrdinal"":0.5,""metric"":false,""status"":""framework_order_plus_registry_coordinate_convention""}","{""authority"":""framework_order_plus_registry_coordinate_convention"",""sources"":[{""artifact"":""source/governors.yaml"",""pointer"":""governors.mercury.canonical_expression.thermodynamic_function"",""authority"":""framework_declared""},{""artifact"":""scripts/build-registry.mjs"",""authority"":""registry_coordinate_convention"",""description"":""The ordered position is exposed as a non-metric normalized ordinal.""}]}",HAS_FEATURE
assertion:e3c489c982fce09f46a5,profile:mercury:v0.1.1,domain.landforms,"[""river deltas"",""estuaries"",""crossroads"",""winding paths"",""trade routes""]","{""artifact"":""source/governors.yaml"",""pointer"":""governors.mercury"",""authority"":""framework_declared""}",HAS_FEATURE
assertion:4406fc1b719dd4626737,profile:mercury:v0.1.1,domain.architecture,"[""bridges"",""arches"",""doorways"",""market squares"",""message towers"",""libraries"",""scriptoria""]","{""artifact"":""source/governors.yaml"",""pointer"":""governors.mercury"",""authority"":""framework_declared""}",HAS_FEATURE
assertion:ebbd7c0a6f881b661ef7,profile:mercury:v0.1.1,domain.botany,"[""ferns"",""ivy"",""vines"",""lavender"",""mint"",""vervain"",""lichen"",""moss""]","{""artifact"":""source/governors.yaml"",""pointer"":""governors.mercury"",""authority"":""framework_declared""}",HAS_FEATURE
assertion:82421308e274f739ec4f,profile:mercury:v0.1.1,domain.material,"[""mercury"",""tin"",""bronze"",""jade"",""aventurine"",""emerald""]","{""artifact"":""source/governors.yaml"",""pointer"":""governors.mercury"",""authority"":""framework_declared""}",HAS_FEATURE
assertion:ad4ee31a98c3b19d8f27,profile:mercury:v0.1.1,domain.color_associations,"[""green"",""yellow-green"",""bright emerald"",""bronze""]","{""artifact"":""source/governors.yaml"",""pointer"":""governors.mercury"",""authority"":""framework_declared""}",HAS_FEATURE
assertion:fe52f209ec0fbafc94c9,profile:mercury:v0.1.1,domain.symbolic_references,"[""caduceus"",""winged sandals"",""the number 3"",""hexagram"",""serpent"",""messenger's staff""]","{""artifact"":""source/governors.yaml"",""pointer"":""governors.mercury"",""authority"":""framework_declared""}",HAS_FEATURE
assertion:bb750da8837a61adad6f,profile:jupiter:v0.1.1,physical.wavelength_nm,470,"{""artifact"":""source/governors.yaml"",""pointer"":""governors.jupiter"",""authority"":""framework_declared""}",HAS_FEATURE
assertion:86fe5764593fc3f0418c,profile:jupiter:v0.1.1,physical.frequency_hz,637856293617021.2,"{""artifact"":""scripts/build-registry.mjs"",""authority"":""physically_derived_from_framework_anchor"",""formula"":""Derived from declared wavelength.""}",HAS_FEATURE
assertion:c7682096f307c3eb739a,profile:jupiter:v0.1.1,physical.photon_energy_j,4.22648054712538e-19,"{""artifact"":""scripts/build-registry.mjs"",""authority"":""physically_derived_from_framework_anchor"",""formula"":""Derived from declared wavelength.""}",HAS_FEATURE
assertion:c9187f61559ca0207fd4,profile:jupiter:v0.1.1,physical.photon_energy_ev,2.637961668791495,"{""artifact"":""scripts/build-registry.mjs"",""authority"":""physically_derived_from_framework_anchor"",""formula"":""Derived from declared wavelength.""}",HAS_FEATURE
assertion:88ee8678008dfe5a3ba8,profile:jupiter:v0.1.1,physical.C_P,0.6524822695035462,"{""artifact"":""scripts/build-registry.mjs"",""authority"":""physically_derived_from_framework_anchor"",""formula"":""Derived from declared wavelength.""}",HAS_FEATURE
assertion:85bb74eb510614f3db8c,profile:jupiter:v0.1.1,harmonic.canonical_scale_state,1453,"{""artifact"":""source/governors.yaml"",""pointer"":""governors.jupiter"",""authority"":""framework_declared""}",HAS_FEATURE
assertion:570627475654fe737265,profile:jupiter:v0.1.1,harmonic.pitch_mask,b101101011010,"{""artifact"":""source/governors.yaml"",""pointer"":""governors.jupiter"",""authority"":""framework_declared""}",HAS_FEATURE
assertion:6bd3b36468402b1e2333,profile:jupiter:v0.1.1,harmonic.forte_family,7-35,"{""artifact"":""source/governors.yaml"",""pointer"":""governors.jupiter"",""authority"":""framework_declared""}",HAS_FEATURE
assertion:4297606d3e4b75413d46,profile:jupiter:v0.1.1,harmonic.anchor_tier,A0,"{""artifact"":""source/governors.yaml"",""pointer"":""governors.jupiter"",""authority"":""framework_declared""}",HAS_FEATURE
assertion:ae8e48fcb9df47f65681,profile:jupiter:v0.1.1,harmonic.C_H,,"{""artifact"":""source/governors.yaml"",""pointer"":""governors.jupiter"",""authority"":""framework_declared""}",HAS_FEATURE
assertion:08c2c0fa3ec07bbbf047,profile:jupiter:v0.1.1,semantic.thermodynamic_function,distribution,"{""artifact"":""source/governors.yaml"",""pointer"":""governors.jupiter"",""authority"":""framework_declared""}",HAS_FEATURE
assertion:2f29f9af9a0afc4d5ae5,profile:jupiter:v0.1.1,semantic.optical_function,scattering,"{""artifact"":""source/governors.yaml"",""pointer"":""governors.jupiter"",""authority"":""framework_declared""}",HAS_FEATURE
assertion:7b84d0c4f36db794ddd0,profile:jupiter:v0.1.1,semantic.directionality,outward_projective,"{""artifact"":""source/governors.yaml"",""pointer"":""governors.jupiter"",""authority"":""framework_declared""}",HAS_FEATURE
assertion:51a404cacfa0cc714d7d,profile:jupiter:v0.1.1,semantic.archetypal_role,direction; where the flow is going,"{""artifact"":""source/governors.yaml"",""pointer"":""governors.jupiter"",""authority"":""framework_declared""}",HAS_FEATURE
assertion:404af13203fc66c84f08,profile:jupiter:v0.1.1,semantic.element,Air,"{""artifact"":""source/governors.yaml"",""pointer"":""governors.jupiter"",""authority"":""framework_declared""}",HAS_FEATURE
assertion:23fb538e390a96807d02,profile:jupiter:v0.1.1,semantic.zodiacal_systems,"{""sagittarius"":{""directionality"":""external"",""derives_from"":""canonical_expression.binary_12bit"",""system_name"":""Route, Mobility, and Expansion Systems"",""domain"":[""route"",""movement"",""travel"",""rail"",""roads"",""logistics"",""entropy-like path-space""],""core_question"":""What pathways allow movement, expansion, and horizon?"",""canonical_phrase"":""Sagittarius / Jupiter External = the horizon system.""},""pisces"":{""directionality"":""inward"",""derives_from"":""canonical_expression.binary_12bit_lsb"",""system_name"":""Potential Stewardship System"",""domain"":[""stored potential"",""living potential"",""money"",""relationships"",""future options"",""recovery"",""possibility""],""core_question"":""What possibilities can be preserved, created, or lost?"",""canonical_phrase"":""Pisces / Jupiter Internal = the reservoir of possibility."",""stable_rules"":{""money"":""stored potential"",""relationships"":""living potential"",""stewardship"":""managing both toward survivable futures""}}}","{""artifact"":""source/governors.yaml"",""pointer"":""governors.jupiter"",""authority"":""framework_declared""}",HAS_FEATURE
assertion:18e105f2aeafc24b479e,profile:jupiter:v0.1.1,semantic.C_S,"{""orderedPosition"":5,""orderedProcess"":""distribution"",""normalizedOrdinal"":0.6666666666666666,""metric"":false,""status"":""framework_order_plus_registry_coordinate_convention""}","{""authority"":""framework_order_plus_registry_coordinate_convention"",""sources"":[{""artifact"":""source/governors.yaml"",""pointer"":""governors.jupiter.canonical_expression.thermodynamic_function"",""authority"":""framework_declared""},{""artifact"":""scripts/build-registry.mjs"",""authority"":""registry_coordinate_convention"",""description"":""The ordered position is exposed as a non-metric normalized ordinal.""}]}",HAS_FEATURE
assertion:5aaae20f81d62cac98a7,profile:jupiter:v0.1.1,domain.landforms,"[""plains"",""steppes"",""open skies"",""high plateaus"",""archipelagos"",""trade winds""]","{""artifact"":""source/governors.yaml"",""pointer"":""governors.jupiter"",""authority"":""framework_declared""}",HAS_FEATURE
assertion:3730762d0b9224737dbd,profile:jupiter:v0.1.1,domain.architecture,"[""temples on high places"",""palaces"",""courtrooms"",""columns"",""amphitheaters"",""ships""]","{""artifact"":""source/governors.yaml"",""pointer"":""governors.jupiter"",""authority"":""framework_declared""}",HAS_FEATURE
assertion:da46a0dff1fbdb9df056,profile:jupiter:v0.1.1,domain.botany,"[""oak trees"",""fig trees"",""dandelions"",""clover"",""sage"",""anise"",""fennel"",""thyme""]","{""artifact"":""source/governors.yaml"",""pointer"":""governors.jupiter"",""authority"":""framework_declared""}",HAS_FEATURE
assertion:4cbf2536b5c294c83fe3,profile:jupiter:v0.1.1,domain.material,"[""tin"",""amethyst"",""sapphire"",""turquoise"",""lapis lazuli"",""topaz""]","{""artifact"":""source/governors.yaml"",""pointer"":""governors.jupiter"",""authority"":""framework_declared""}",HAS_FEATURE
assertion:65e0d502e3cf5d0a62e6,profile:jupiter:v0.1.1,domain.color_associations,"[""blue"",""royal blue"",""azure"",""deep violet-blue""]","{""artifact"":""source/governors.yaml"",""pointer"":""governors.jupiter"",""authority"":""framework_declared""}",HAS_FEATURE
assertion:5396c592f96e3f8344be,profile:jupiter:v0.1.1,domain.symbolic_references,"[""thunderbolt"",""scepter"",""eagle"",""the number 6"",""hexagram"",""wheel"",""crown""]","{""artifact"":""source/governors.yaml"",""pointer"":""governors.jupiter"",""authority"":""framework_declared""}",HAS_FEATURE
assertion:a505804129f63809da49,profile:venus:v0.1.1,physical.wavelength_nm,430,"{""artifact"":""source/governors.yaml"",""pointer"":""governors.venus"",""authority"":""framework_declared""}",HAS_FEATURE
assertion:0989739586930c4ea95f,profile:venus:v0.1.1,physical.frequency_hz,697191762790697.6,"{""artifact"":""scripts/build-registry.mjs"",""authority"":""physically_derived_from_framework_anchor"",""formula"":""Derived from declared wavelength.""}",HAS_FEATURE
assertion:f52277cbf6764b272993,profile:venus:v0.1.1,physical.photon_energy_j,4.619641528253322e-19,"{""artifact"":""scripts/build-registry.mjs"",""authority"":""physically_derived_from_framework_anchor"",""formula"":""Derived from declared wavelength.""}",HAS_FEATURE
assertion:add63ffb2452b94b1583,profile:venus:v0.1.1,physical.photon_energy_ev,2.8833534519348896,"{""artifact"":""scripts/build-registry.mjs"",""authority"":""physically_derived_from_framework_anchor"",""formula"":""Derived from declared wavelength.""}",HAS_FEATURE
assertion:e0e2dff525a1a4d6d0c6,profile:venus:v0.1.1,physical.C_P,0.8372093023255813,"{""artifact"":""scripts/build-registry.mjs"",""authority"":""physically_derived_from_framework_anchor"",""formula"":""Derived from declared wavelength.""}",HAS_FEATURE
assertion:05b232f3ba52f1e0ce4f,profile:venus:v0.1.1,harmonic.canonical_scale_state,1451,"{""artifact"":""source/governors.yaml"",""pointer"":""governors.venus"",""authority"":""framework_declared""}",HAS_FEATURE
assertion:6f79aae58d627df77109,profile:venus:v0.1.1,harmonic.pitch_mask,b110101011010,"{""artifact"":""source/governors.yaml"",""pointer"":""governors.venus"",""authority"":""framework_declared""}",HAS_FEATURE
assertion:086d333ea1d5130698e2,profile:venus:v0.1.1,harmonic.forte_family,7-35,"{""artifact"":""source/governors.yaml"",""pointer"":""governors.venus"",""authority"":""framework_declared""}",HAS_FEATURE
assertion:300a6800c5ea6c77e64c,profile:venus:v0.1.1,harmonic.anchor_tier,A0,"{""artifact"":""source/governors.yaml"",""pointer"":""governors.venus"",""authority"":""framework_declared""}",HAS_FEATURE
assertion:b06a63e66494ad8f241e,profile:venus:v0.1.1,harmonic.C_H,,"{""artifact"":""source/governors.yaml"",""pointer"":""governors.venus"",""authority"":""framework_declared""}",HAS_FEATURE
assertion:5dd181e89ea7b0156824,profile:venus:v0.1.1,semantic.thermodynamic_function,coupling,"{""artifact"":""source/governors.yaml"",""pointer"":""governors.venus"",""authority"":""framework_declared""}",HAS_FEATURE
assertion:23737003e8691181ca3f,profile:venus:v0.1.1,semantic.optical_function,selective_absorption,"{""artifact"":""source/governors.yaml"",""pointer"":""governors.venus"",""authority"":""framework_declared""}",HAS_FEATURE
assertion:e3bb9bf28dad10fb9b26,profile:venus:v0.1.1,semantic.directionality,inward_centripetal,"{""artifact"":""source/governors.yaml"",""pointer"":""governors.venus"",""authority"":""framework_declared""}",HAS_FEATURE
assertion:7c6a8df2bd4cf218441f,profile:venus:v0.1.1,semantic.archetypal_role,"taste, cohesion, aesthetic sensitivity; what feels fitting","{""artifact"":""source/governors.yaml"",""pointer"":""governors.venus"",""authority"":""framework_declared""}",HAS_FEATURE
assertion:b3ba43782ec8811dd37c,profile:venus:v0.1.1,semantic.element,Water,"{""artifact"":""source/governors.yaml"",""pointer"":""governors.venus"",""authority"":""framework_declared""}",HAS_FEATURE
assertion:4ddc56af0524fae21ef2,profile:venus:v0.1.1,semantic.zodiacal_systems,"{""libra"":{""sex"":""male"",""directionality"":""external_exchange"",""derives_from"":""canonical_expression.binary_12bit"",""system_name"":""Reciprocal Coupling and Relational Exchange System"",""aliases"":[""Social Exchange System""],""boundary_relation"":""coupling_across_the_boundary"",""dominant_function"":""Establish a viable relational interface between distinct beings or systems and govern the terms under which value passes."",""domain"":[""compatibility"",""consent"",""reciprocity"",""negotiation"",""relational interfaces"",""diplomacy"",""cooperation"",""reputation"",""social signaling"",""alliance formation"",""mutual recognition"",""exchange-value"",""proportion"",""fairness"",""partnership terms"",""conflict repair"",""role compatibility"",""relational boundaries"",""aesthetic coordination"",""trust calibration""],""core_question"":""How can separate beings or systems enter a mutually fitting relation, and under what terms can value pass between them?"",""canonical_phrases"":[""Libra / Venus External = coupling across the boundary."",""Libra governs the interface through which value becomes relational."",""Libra forms the bond across the boundary.""]},""taurus"":{""sex"":""female"",""directionality"":""internal_cohesion"",""derives_from"":""canonical_expression.binary_12bit_lsb"",""system_name"":""Embodied Cohesion and Value Incorporation System"",""aliases"":[""Embodied Value System""],""boundary_relation"":""cohesion_within_the_boundary"",""dominant_function"":""Receive, incorporate, nourish, retain, and maintain value as part of embodied life."",""domain"":[""embodied worth"",""nourishment"",""appetite"",""sensory discernment"",""rest"",""recovery"",""touch"",""comfort"",""body care"",""home atmosphere"",""material stewardship"",""possessions"",""resource retention"",""maintenance"",""stable pleasure"",""environmental coherence"",""what is worth keeping"",""bodily tolerance"",""durable well-being""],""core_question"":""What can be received, incorporated, nourished, and retained so that the embodied system remains valuable, coherent, and alive?"",""canonical_phrases"":[""Taurus / Venus Internal = cohesion within the boundary."",""Taurus governs the incorporation of value into embodied life."",""Taurus sustains the bond within the boundary.""]}}","{""artifact"":""source/governors.yaml"",""pointer"":""governors.venus"",""authority"":""framework_declared""}",HAS_FEATURE
assertion:9f901606bec4c989885d,profile:venus:v0.1.1,semantic.C_S,"{""orderedPosition"":6,""orderedProcess"":""coupling"",""normalizedOrdinal"":0.8333333333333334,""metric"":false,""status"":""framework_order_plus_registry_coordinate_convention""}","{""authority"":""framework_order_plus_registry_coordinate_convention"",""sources"":[{""artifact"":""source/governors.yaml"",""pointer"":""governors.venus.canonical_expression.thermodynamic_function"",""authority"":""framework_declared""},{""artifact"":""scripts/build-registry.mjs"",""authority"":""registry_coordinate_convention"",""description"":""The ordered position is exposed as a non-metric normalized ordinal.""}]}",HAS_FEATURE
assertion:beb3b794ce4ec2c2503d,profile:venus:v0.1.1,domain.landforms,"[""valleys"",""gardens"",""groves"",""meadows"",""gentle hills"",""riverbanks""]","{""artifact"":""source/governors.yaml"",""pointer"":""governors.venus"",""authority"":""framework_declared""}",HAS_FEATURE
assertion:6a17c322e81c22d40858,profile:venus:v0.1.1,domain.architecture,"[""rose gardens"",""bowers"",""temples of love"",""theaters"",""concert halls"",""bathhouses""]","{""artifact"":""source/governors.yaml"",""pointer"":""governors.venus"",""authority"":""framework_declared""}",HAS_FEATURE
assertion:71abb3c04105e89b427d,profile:venus:v0.1.1,domain.botany,"[""roses"",""myrtle"",""violets"",""apple blossoms"",""cherry blossoms"",""lavender"",""jasmine"",""lilac""]","{""artifact"":""source/governors.yaml"",""pointer"":""governors.venus"",""authority"":""framework_declared""}",HAS_FEATURE
assertion:cff9de929399ab9a9985,profile:venus:v0.1.1,domain.material,"[""copper"",""rose quartz"",""coral"",""lapis lazuli"",""turquoise"",""emerald""]","{""artifact"":""source/governors.yaml"",""pointer"":""governors.venus"",""authority"":""framework_declared""}",HAS_FEATURE
assertion:b9897480e5ff82a6a2c6,profile:venus:v0.1.1,domain.color_associations,"[""indigo"",""rose pink"",""soft green"",""turquoise"",""deep blue""]","{""artifact"":""source/governors.yaml"",""pointer"":""governors.venus"",""authority"":""framework_declared""}",HAS_FEATURE
assertion:c8f27017555262e66194,profile:venus:v0.1.1,domain.symbolic_references,"[""ankh"",""knot"",""infinity symbol"",""rose"",""dove"",""seashell"",""mirror"",""necklace""]","{""artifact"":""source/governors.yaml"",""pointer"":""governors.venus"",""authority"":""framework_declared""}",HAS_FEATURE
assertion:6948bad2e9eb6955bb44,profile:saturn:v0.1.1,physical.wavelength_nm,400,"{""artifact"":""source/governors.yaml"",""pointer"":""governors.saturn"",""authority"":""framework_declared""}",HAS_FEATURE
assertion:81ff33a6c514a2187fdd,profile:saturn:v0.1.1,physical.frequency_hz,749481144999999.9,"{""artifact"":""scripts/build-registry.mjs"",""authority"":""physically_derived_from_framework_anchor"",""formula"":""Derived from declared wavelength.""}",HAS_FEATURE
assertion:bae333b1c86adaf7ac10,profile:saturn:v0.1.1,physical.photon_energy_j,4.966114642872321e-19,"{""artifact"":""scripts/build-registry.mjs"",""authority"":""physically_derived_from_framework_anchor"",""formula"":""Derived from declared wavelength.""}",HAS_FEATURE
assertion:2ed763510d44b85e8fcc,profile:saturn:v0.1.1,physical.photon_energy_ev,3.0996049608300065,"{""artifact"":""scripts/build-registry.mjs"",""authority"":""physically_derived_from_framework_anchor"",""formula"":""Derived from declared wavelength.""}",HAS_FEATURE
assertion:fc6b1d6dd567d747bc67,profile:saturn:v0.1.1,physical.C_P,1,"{""artifact"":""scripts/build-registry.mjs"",""authority"":""physically_derived_from_framework_anchor"",""formula"":""Derived from declared wavelength.""}",HAS_FEATURE
assertion:b30e23305756b5d8efa9,profile:saturn:v0.1.1,harmonic.canonical_scale_state,1387,"{""artifact"":""source/governors.yaml"",""pointer"":""governors.saturn"",""authority"":""framework_declared""}",HAS_FEATURE
assertion:4c7ad24b430aa5156203,profile:saturn:v0.1.1,harmonic.pitch_mask,b110101101010,"{""artifact"":""source/governors.yaml"",""pointer"":""governors.saturn"",""authority"":""framework_declared""}",HAS_FEATURE
assertion:058746256bac731254be,profile:saturn:v0.1.1,harmonic.forte_family,7-35,"{""artifact"":""source/governors.yaml"",""pointer"":""governors.saturn"",""authority"":""framework_declared""}",HAS_FEATURE
assertion:b4419a34f6be34fbff8f,profile:saturn:v0.1.1,harmonic.anchor_tier,A0,"{""artifact"":""source/governors.yaml"",""pointer"":""governors.saturn"",""authority"":""framework_declared""}",HAS_FEATURE
assertion:07c0d7b3eb6b26e93e97,profile:saturn:v0.1.1,harmonic.C_H,,"{""artifact"":""source/governors.yaml"",""pointer"":""governors.saturn"",""authority"":""framework_declared""}",HAS_FEATURE
assertion:d7cacf11ad7c87686142,profile:saturn:v0.1.1,semantic.thermodynamic_function,fixation,"{""artifact"":""source/governors.yaml"",""pointer"":""governors.saturn"",""authority"":""framework_declared""}",HAS_FEATURE
assertion:46aa0c978e51a29f51a3,profile:saturn:v0.1.1,semantic.optical_function,cutoff_crystallization,"{""artifact"":""source/governors.yaml"",""pointer"":""governors.saturn"",""authority"":""framework_declared""}",HAS_FEATURE
assertion:c1aa3c9deac70258cd08,profile:saturn:v0.1.1,semantic.directionality,inward_centripetal,"{""artifact"":""source/governors.yaml"",""pointer"":""governors.saturn"",""authority"":""framework_declared""}",HAS_FEATURE
assertion:a3388b03c7ceeb9d1806,profile:saturn:v0.1.1,semantic.archetypal_role,constraint and form; what the flow cannot do,"{""artifact"":""source/governors.yaml"",""pointer"":""governors.saturn"",""authority"":""framework_declared""}",HAS_FEATURE
assertion:ee2125342c3849ebdcd2,profile:saturn:v0.1.1,semantic.element,Earth,"{""artifact"":""source/governors.yaml"",""pointer"":""governors.saturn"",""authority"":""framework_declared""}",HAS_FEATURE
assertion:cf22d343b35bfabeaec3,profile:saturn:v0.1.1,semantic.zodiacal_systems,"{""aquarius"":{""directionality"":""external"",""derives_from"":""canonical_expression.binary_12bit"",""system_name"":""Civil Law System"",""domain"":[""civil law"",""institutions"",""public order"",""social rules"",""collective infrastructure"",""rights and obligations"",""public structure""],""core_question"":""What rules govern collective life?"",""canonical_phrase"":""Aquarius / Saturn External = the law of society.""},""capricorn"":{""directionality"":""inward"",""derives_from"":""canonical_expression.binary_12bit_lsb"",""system_name"":""Body, Environment, and Planetary Constraint System"",""domain"":[""laws of the body"",""immediate environment"",""planet"",""material constraint"",""hard reality"",""health"",""land and shelter""],""core_question"":""What hard realities define survival here?"",""canonical_phrase"":""Capricorn / Saturn Internal = the law of embodiment.""}}","{""artifact"":""source/governors.yaml"",""pointer"":""governors.saturn"",""authority"":""framework_declared""}",HAS_FEATURE
assertion:b198d58e7607fa4fdff0,profile:saturn:v0.1.1,semantic.C_S,"{""orderedPosition"":7,""orderedProcess"":""fixation"",""normalizedOrdinal"":1,""metric"":false,""status"":""framework_order_plus_registry_coordinate_convention""}","{""authority"":""framework_order_plus_registry_coordinate_convention"",""sources"":[{""artifact"":""source/governors.yaml"",""pointer"":""governors.saturn.canonical_expression.thermodynamic_function"",""authority"":""framework_declared""},{""artifact"":""scripts/build-registry.mjs"",""authority"":""registry_coordinate_convention"",""description"":""The ordered position is exposed as a non-metric normalized ordinal.""}]}",HAS_FEATURE
assertion:8ef33e560faad6dd42ca,profile:saturn:v0.1.1,domain.landforms,"[""mountains"",""cliffs"",""stone walls"",""caves"",""underground rivers"",""deserts of salt""]","{""artifact"":""source/governors.yaml"",""pointer"":""governors.saturn"",""authority"":""framework_declared""}",HAS_FEATURE
assertion:c95f5b83f8be28c3eb26,profile:saturn:v0.1.1,domain.architecture,"[""walls"",""gates"",""towers"",""citadels"",""pyramids"",""mausoleums"",""stone circles"",""labyrinths""]","{""artifact"":""source/governors.yaml"",""pointer"":""governors.saturn"",""authority"":""framework_declared""}",HAS_FEATURE
assertion:20b8a1ab5c85b8c78e7d,profile:saturn:v0.1.1,domain.botany,"[""cypress"",""yew"",""pine"",""holly"",""ivy"",""bindweed"",""nightshade"",""mushrooms""]","{""artifact"":""source/governors.yaml"",""pointer"":""governors.saturn"",""authority"":""framework_declared""}",HAS_FEATURE
assertion:ee9e153e8aae4bfc9336,profile:saturn:v0.1.1,domain.material,"[""lead"",""obsidian"",""onyx"",""jet"",""hematite"",""basalt"",""diamond""]","{""artifact"":""source/governors.yaml"",""pointer"":""governors.saturn"",""authority"":""framework_declared""}",HAS_FEATURE
assertion:74dc0acf8e4b7b4462f6,profile:saturn:v0.1.1,domain.color_associations,"[""violet"",""purple"",""black"",""deep indigo"",""charcoal""]","{""artifact"":""source/governors.yaml"",""pointer"":""governors.saturn"",""authority"":""framework_declared""}",HAS_FEATURE
assertion:dc0e56f52c55bd268ba2,profile:saturn:v0.1.1,domain.symbolic_references,"[""scythe"",""hourglass"",""wall"",""chain"",""the number 8"",""cube"",""star tetrahedron""]","{""artifact"":""source/governors.yaml"",""pointer"":""governors.saturn"",""authority"":""framework_declared""}",HAS_FEATURE
